matter_sites,order,steps,step_index,time_ms,occupation_hw,occupation_theory
6,2,5,0,0.0,0.9999999999999999,1.000000000000001
6,2,5,1,30.0,0.23741309117406842,0.2923034273213154
6,2,5,2,60.0,0.49776707013746235,0.47530709689952355
6,2,5,3,90.0,0.44702126773432915,0.4745845392397271
6,2,5,4,120.0,0.5366589719631205,0.4532595291161755
6,2,5,5,150.0,0.4341917615412535,0.5473244939349122
6,2,10,0,0.0,0.9999999999999999,1.000000000000001
6,2,10,1,15.0,0.48514811433678307,0.4749900058563256
6,2,10,2,30.0,0.2858067025182736,0.2923034273213154
6,2,10,3,45.0,0.6116985123916187,0.6144823898591922
6,2,10,4,60.0,0.4779033358390909,0.47530709689952355
6,2,10,5,75.0,0.26650611117768896,0.26836238664618217
6,2,10,6,90.0,0.4496028135511798,0.4745845392397271
6,2,10,7,105.0,0.5820294269436916,0.6135065270341623
6,2,10,8,120.0,0.48353760384285305,0.4532595291161755
6,2,10,9,135.0,0.40149478861525234,0.36013046971235696
6,2,10,10,150.0,0.5121944817468262,0.5473244939349122
6,2,20,0,0.0,0.9999999999999999,1.000000000000001
6,2,20,1,7.5,0.8252846862551494,0.8240473331132154
6,2,20,2,15.0,0.47742389412913666,0.4749900058563256
6,2,20,3,22.5,0.26023736192908375,0.25924844168577793
6,2,20,4,30.0,0.29092609302075595,0.2923034273213154
6,2,20,5,37.5,0.469216644842176,0.4711335790185944
6,2,20,6,45.0,0.613934677805172,0.6144823898591922
6,2,20,7,52.5,0.6096382765731871,0.6090316405837004
6,2,20,8,60.0,0.4759278073148202,0.47530709689952355
6,2,20,9,67.5,0.32514017945111184,0.32489733759948636
6,2,20,10,75.0,0.267888878457257,0.26836238664618217
6,2,20,11,82.5,0.33311690673651423,0.33562736063304666
6,2,20,12,90.0,0.46807934079285907,0.4745845392397271
6,2,20,13,97.5,0.5848666438451766,0.5944511523855691
6,2,20,14,105.0,0.6063951452283705,0.6135065270341623
6,2,20,15,112.5,0.5405396782798048,0.5402728077413638
6,2,20,16,120.0,0.4616132893357443,0.4532595291161755
6,2,20,17,127.5,0.3999680773453853,0.3870387593620099
6,2,20,18,135.0,0.3691753302582595,0.36013046971235696
6,2,20,19,142.5,0.41910790984776125,0.4208168565842828
6,2,20,20,150.0,0.5383571448329795,0.5473244939349122
6,2,50,0,0.0,0.9999999999999999,1.000000000000001
6,2,50,1,3.0,0.969410427241785,0.9693728873477512
6,2,50,2,6.0,0.883399929525891,0.8832645993583969
6,2,50,3,9.0,0.7577239019114712,0.7574688309588569
6,2,50,4,12.0,0.614142605535756,0.6137921090752615
6,2,50,5,15.0,0.4753748243343044,0.4749900058563256
6,2,50,6,18.0,0.36059990384767293,0.3602572939184113
6,2,50,7,21.0,0.28261298261556833,0.2823806468427571
6,2,50,8,24.0,0.24690675394511113,0.24682614948117243
6,2,50,9,27.0,0.2522537164562066,0.2523314226216089
6,2,50,10,30.0,0.2920942095198251,0.2923034273213154
6,2,50,11,33.0,0.3561839302624552,0.3564733241868636
6,2,50,12,36.0,0.432268169776472,0.43257515722478107
6,2,50,13,39.0,0.5077536840764697,0.5080193370535105
6,2,50,14,42.0,0.5713353297965376,0.5715176947690402
6,2,50,15,45.0,0.6144001129787504,0.6144823898591922
6,2,50,16,48.0,0.6319575824684212,0.6319484657769081
6,2,50,17,51.0,0.6229345739592247,0.622860727841251
6,2,50,18,54.0,0.5898706086614867,0.5897646717036709
6,2,50,19,57.0,0.5382103253901765,0.5380998742762209
6,2,50,20,60.0,0.4754050964059497,0.47530709689952355
6,2,50,21,63.0,0.40993250550583493,0.4098544207083403
6,2,50,22,66.0,0.35024609884986874,0.35019131603770187
6,2,50,23,69.0,0.30368712733817144,0.30366107282729404
6,2,50,24,72.0,0.27551200821020694,0.27552673422909324
6,2,50,25,75.0,0.2682850424996728,0.26836238664618217
6,2,50,26,78.0,0.28182411087966164,0.28199823104239397
6,2,50,27,81.0,0.3136608780889252,0.3139791605316973
6,2,50,28,84.0,0.35973301625641546,0.3602518328741202
6,2,50,29,87.0,0.4149586867746925,0.4157303953650051
6,2,50,30,90.0,0.4735329027842934,0.4745845392397271
6,2,50,31,93.0,0.5291090487755692,0.5304195748436434
6,2,50,32,96.0,0.575232496665959,0.5767196922666962
6,2,50,33,99.0,0.6062802240090066,0.6078062871241975
6,2,50,34,102.0,0.6187601901385008,0.6201567173371532
6,2,50,35,105.0,0.6124035908809531,0.6135065270341623
6,2,50,36,108.0,0.5903723877276784,0.5910523701246114
6,2,50,37,111.0,0.5582548010213726,0.5584319265188855
6,2,50,38,114.0,0.5221690787136125,0.5218114364464431
6,2,50,39,117.0,0.4868445545602521,0.48595994325110414
6,2,50,40,120.0,0.454626550774928,0.4532595291161755
6,2,50,41,123.0,0.42586769038074784,0.4241073776887655
6,2,50,42,126.0,0.40039135995606095,0.3983838637771403
6,2,50,43,129.0,0.37910764992008017,0.37705897629916535
6,2,50,44,132.0,0.3647909497476857,0.3629479049745255
6,2,50,45,135.0,0.3615229831341976,0.36013046971235696
6,2,50,46,138.0,0.3730554588875318,0.3723019269439573
6,2,50,47,141.0,0.4009107430592349,0.40088098820466844
6,2,50,48,144.0,0.44312339055714844,0.44377512816679165
6,2,50,49,147.0,0.49414723458901094,0.49531741246569305
6,2,50,50,150.0,0.5458888912667543,0.5473244939349122
6,2,100,0,0.0,0.9999999999999999,1.000000000000001
6,2,100,1,1.5,0.9922522511746967,0.9922498482236021
6,2,100,2,3.0,0.9693822547599082,0.9693728873477512
6,2,100,3,4.5,0.9324841131603737,0.9324639262880436
6,2,100,4,6.0,0.8832983685537817,0.8832645993583969
6,2,100,5,7.5,0.824096086095201,0.8240473331132154
6,2,100,6,9.0,0.7575324799095406,0.7574688309588569
6,2,100,7,10.5,0.6864835068839541,0.686406517999754
6,2,100,8,12.0,0.6138795737671306,0.6137921090752615
6,2,100,9,13.5,0.5425495656763478,0.5424555230606445
6,2,100,10,15.0,0.47508604786437547,0.4749900058563256
6,2,100,11,16.5,0.41373914755283436,0.41364597396283354
6,2,100,12,18.0,0.3603428316121055,0.3602572939184113
6,2,100,13,19.5,0.3162736210687225,0.3162000332762038
6,2,100,14,21.0,0.28243871479519594,0.2823806468427571
6,2,100,15,22.5,0.25928837604084876,0.25924844168577793
6,2,100,16,24.0,0.24684642026509812,0.24682614948117243
6,2,100,17,25.5,0.24475268660082805,0.24475248030285002
6,2,100,18,27.0,0.25231226345696556,0.2523314226216089
6,2,100,19,28.5,0.26854764220358707,0.268584460337846
6,2,100,20,30.0,0.29225152035856894,0.2923034273213154
6,2,100,21,31.5,0.3220393276268843,0.3221030731938071
6,2,100,22,33.0,0.3564014578671906,0.3564733241868636
6,2,100,23,34.5,0.39375554172384514,0.39383157414785663
6,2,100,24,36.0,0.4324989119587954,0.43257515722478107
6,2,100,25,37.5,0.4710608395523712,0.4711335790185944
6,2,100,26,39.0,0.5079533729687877,0.5080193370535105
6,2,100,27,40.5,0.5418189361079322,0.5418754850787971
6,2,100,28,42.0,0.5714724381260536,0.5715176947690402
6,2,100,29,43.5,0.5959356472332287,0.5959685693531209
6,2,100,30,45.0,0.6144620044764115,0.6144823898591922
6,2,100,31,46.5,0.6265508233757558,0.6265592464502496
6,2,100,32,48.0,0.6319507786639764,0.6319484657769081
6,2,100,33,49.5,0.630653534604932,0.6306421923308507
6,2,100,34,51.0,0.6228791109623193,0.622860727841251
6,2,100,35,52.5,0.6090549952434942,0.6090316405837004
6,2,100,36,54.0,0.5897910285381573,0.5897646717036709
6,2,100,37,55.5,0.5658517574891204,0.5658241273239508
6,2,100,38,57.0,0.5381273769392851,0.5380998742762209
6,2,100,39,58.5,0.5076037584134427,0.5075774261893533
6,2,100,40,60.0,0.47533154997446114,0.47530709689952355
6,2,100,41,61.5,0.4423940893153938,0.4423719559234822
6,2,100,42,63.0,0.40987396918288643,0.4098544207083403
6,2,100,43,64.5,0.3788185164478993,0.3788017460079296
6,2,100,44,66.0,0.35020508811211376,0.35019131603770187
6,2,100,45,67.5,0.3249077775878638,0.32489733759948636
6,2,100,46,69.0,0.3036676639676247,0.30366107282729404
6,2,100,47,70.5,0.28706894715089815,0.28706695978463737
6,2,100,48,72.0,0.27552307886230964,0.27552673422909324
6,2,100,49,73.5,0.2692623064939122,0.2692729696901599
6,2,100,50,75.0,0.26834298361228603,0.26836238664618217
6,2,100,51,76.5,0.27265775281817217,0.2726880308520475
6,2,100,52,78.0,0.2819545179359593,0.28199823104239397
6,2,100,53,79.5,0.29585924677222636,0.2959193713241943
6,2,100,54,81.0,0.31389928982509496,0.3139791605316973
6,2,100,55,82.5,0.33552417576911053,0.33562736063304666
6,2,100,56,84.0,0.3601217360564144,0.3602518328741202
6,2,100,57,85.5,0.38702877085441767,0.38718912490267565
6,2,100,58,87.0,0.41553703865373026,0.4157303953650051
6,2,100,59,88.5,0.44489681045065377,0.44512493170928136
6,2,100,60,90.0,0.47432125399337455,0.4745845392397271
6,2,100,61,91.5,0.5029952480239148,0.5032924087857837
6,2,100,62,93.0,0.5300917382062605,0.5304195748436434
6,2,100,63,94.5,0.5547974620653852,0.5551507834874848
6,2,100,64,96.0,0.5763479807966783,0.5767196922666962
6,2,100,65,97.5,0.5940697894083538,0.5944511523855691
6,2,100,66,99.0,0.6074252425367155,0.6078062871241975
6,2,100,67,100.5,0.6160545465646645,0.6164245954942629
6,2,100,68,102.0,0.6198084702584755,0.6201567173371532
6,2,100,69,103.5,0.6187659127845593,0.6190819914047692
6,2,100,70,105.0,0.6132320467519459,0.6135065270341623
6,2,100,71,106.5,0.6037152306161453,0.6039399967731277
6,2,100,72,108.0,0.5908838896316703,0.5910523701246114
6,2,100,73,109.5,0.5755076118740329,0.5756148602328164
6,2,100,74,111.0,0.5583892772585818,0.5584319265188855
6,2,100,75,112.5,0.5402966737888772,0.5402728077413638
6,2,100,76,114.0,0.5219024404129813,0.5218114364464431
6,2,100,77,115.5,0.5037401970669271,0.5035825960427995
6,2,100,78,117.0,0.48618249519555046,0.48595994325110414
6,2,100,79,118.5,0.4694430746480093,0.4691583619304961
6,2,100,80,120.0,0.45360233339094236,0.4532595291161755
6,2,100,81,121.5,0.43865147073903704,0.43825612743375125
6,2,100,82,123.0,0.42454800030666545,0.4241073776887655
6,2,100,83,124.5,0.4112736821113535,0.41079692716256827
6,2,100,84,126.0,0.3988856465111719,0.3983838637771403
6,2,100,85,127.5,0.38755260352372434,0.3870387593620099
6,2,100,86,129.0,0.3775703513001984,0.37705897629916535
6,2,100,87,130.5,0.36935393086229157,0.36886061262485975
6,2,100,88,132.0,0.36340721573688894,0.3629479049745255
6,2,100,89,133.5,0.36027393902634414,0.3598641202789212
6,2,100,90,135.0,0.36047667011330964,0.36013046971235696
6,2,100,91,136.5,0.36445171756127887,0.36418103231772214
6,2,100,92,138.0,0.3724881978941022,0.3723019269439573
6,2,100,93,139.5,0.38467861602957876,0.38458206594455824
6,2,100,94,141.0,0.40088647599882526,0.40088098820466844
6,2,100,95,142.5,0.42073403294353584,0.4208168565842828
6,2,100,96,144.0,0.44361072106459043,0.44377512816679165
6,2,100,97,145.5,0.4687004429102244,0.468936060193334
6,2,100,98,147.0,0.49502409643544587,0.49531741246569305
6,2,100,99,148.5,0.5214926328009308,0.5218276318856591
6,2,100,100,150.0,0.5469656189409988,0.5473244939349122
6,2,200,0,0.0,0.9999999999999999,1.000000000000001
6,2,200,1,0.75,0.9980567263497834,0.9980565752679865
6,2,200,2,1.5,0.9922504486807455,0.9922498482236021
6,2,200,3,2.25,0.9826513881684004,0.9826500515457351
6,2,200,4,3.0,0.9693752281061739,0.9693728873477512
6,2,200,5,3.75,0.952581121377643,0.9525775341335225
6,2,200,6,4.5,0.9324689706456917,0.9324639262880436
6,2,200,7,5.25,0.9092760482035498,0.9092693730705577
6,2,200,8,6.0,0.8832730377079715,0.8832645993583969
6,2,200,9,6.75,0.8547595926121849,0.8547493029909563
6,2,200,10,7.5,0.8240595156635981,0.8240473331132154
6,2,200,11,8.25,0.7915156700747609,0.7915016001630115
6,2,200,12,9.0,0.7574847357886819,0.7574688309588569
6,2,200,13,9.75,0.7223319236440728,0.7223142817281951
6,2,200,14,10.5,0.6864257563324003,0.686406517999754
6,2,200,15,11.25,0.6501330180762394,0.6501123633176361
6,2,200,16,12.0,0.613813965303421,0.6137921090752615
6,2,200,17,12.75,0.5778178786894895,0.5777950658601441
6,2,200,18,13.5,0.5424790233067652,0.5424555230606445
6,2,200,19,14.25,0.5081130688125047,0.5080891686742804
6,2,200,20,15.0,0.47501400621349654,0.4749900058563256
6,2,200,21,15.75,0.44345158233891147,0.4434277873365309
6,2,200,22,16.5,0.4136692582891237,0.41364597396283354
6,2,200,23,17.25,0.38588268430805245,0.3858602098066046
6,2,200,24,18.0,0.3602786711843543,0.3602572939184113
6,2,200,25,18.75,0.33701462777238245,0.3369946183064569
6,2,200,26,19.5,0.316218425791658,0.3162000332762038
6,2,200,27,20.25,0.29798864686590526,0.2979720950714738
6,2,200,28,21.0,0.2823951628477968,0.2823806468427571
6,2,200,29,21.75,0.2694799987906947,0.26946768228473705
6,2,200,30,22.5,0.25925842832762985,0.25924844168577793
6,2,200,31,23.25,0.25172025347228033,0.25171269238891264
6,2,200,32,24.0,0.24683122467141566,0.24682614948117243
6,2,200,33,24.75,0.24453456196810658,0.24453199756067462
6,2,200,34,25.5,0.2447525440042546,0.24475248030285002
6,2,200,35,26.25,0.24738813791305234,0.24739053087178536
6,2,200,36,27.0,0.2523266495487184,0.2523314226216089
6,2,200,37,27.75,0.25943737962074875,0.25944442565454817
6,2,200,38,28.5,0.2685752768341493,0.268584460337846
6,2,200,39,29.25,0.279582583832663,0.2795937435780802
6,2,200,40,30.0,0.29229047541156283,0.2923034273213154
6,2,200,41,30.75,0.3065206909944994,0.30653523127529625
6,2,200,42,31.5,0.32208716471331594,0.3221030731938071
6,2,200,43,32.25,0.33879765662074646,0.3388147002535319
6,2,200,44,33.0,0.35645538769996304,0.3564733241868636
6,2,200,45,33.75,0.3748606795661318,0.37487926106432445
6,2,200,46,34.5,0.3938125972836048,0.39383157414785663
6,2,200,47,35.25,0.41311059078082063,0.41312971529403386
6,2,200,48,36.0,0.43255612718385905,0.43257515722478107
6,2,200,49,36.75,0.45195430326194835,0.45197300585560984
6,2,200,50,37.5,0.4711154243249323,0.4711335790185944
6,2,200,51,38.25,0.489856533548927,0.4898739355545122
6,2,200,52,39.0,0.5080028740099216,0.5080193370535105
6,2,200,53,39.75,0.525389264807139,0.525404623627517
6,2,200,54,40.5,0.5418613726370466,0.5418754850787971
6,2,200,55,41.25,0.5572768610576108,0.5572896097100399
6,2,200,56,42.0,0.5715064014277238,0.5715176947690402
6,2,200,57,42.75,0.5844345320335046,0.5844443050500691
6,2,200,58,43.5,0.5959603550902568,0.5959685693531209
6,2,200,59,44.25,0.6059980649681116,0.6060047081631175
6,2,200,60,45.0,0.6144773049362902,0.6144823898591922
6,2,200,61,45.75,0.6213433537468036,0.6213469167905998
6,2,200,62,46.5,0.6265571472729952,0.6265592464502496
6,2,200,63,47.25,0.6300951439823039,0.630095856539989
6,2,200,64,48.0,0.6319490460793182,0.6319484657769081
6,2,200,65,48.75,0.6321253905606886,0.6321236246932295
6,2,200,66,49.5,0.6306450260747528,0.6306421923308507
6,2,200,67,50.25,0.6275424923192312,0.627538715568874
6,2,200,68,51.0,0.6228653187326914,0.622860727841251
6,2,200,69,51.75,0.6166732584813541,0.6166679832438566
6,2,200,70,52.5,0.6090374722998536,0.6090316405837004
6,2,200,71,53.25,0.6000396747406092,0.6000334099156159
6,2,200,72,54.0,0.5897712529813975,0.5897646717036709
6,2,200,73,54.75,0.5783323657164614,0.5783255761178366
6,2,200,74,55.5,0.56583102700575,0.5658241273239508
6,2,200,75,56.25,0.5523821774712104,0.5523752551383334
6,2,200,76,57.0,0.5381067430869891,0.5380998742762209
6,2,200,77,57.75,0.5231306801664809,0.5231239297799553
6,2,200,78,58.5,0.5075840041241413,0.5075774261893533
6,2,200,79,59.25,0.49159979926322894,0.49159343769216013
6,2,200,80,60.0,0.4753132072448337,0.47530709689952355
6,2,200,81,60.75,0.4588603930121791,0.4588545610133196
6,2,200,82,61.5,0.44237748871196014,0.4423719559234822
6,2,200,83,62.25,0.4259995184606748,0.42599430108326636
6,2,200,84,63.0,0.40985930949842087,0.4098544207083403
6,2,200,85,63.75,0.3940863981745131,0.3940818497505755
6,2,200,86,64.5,0.3788059421172153,0.3788017460079296
6,2,200,87,65.25,0.3641376526440614,0.3641338224378806
6,2,200,88,66.0,0.3501947637639432,0.35019131603770187
6,2,200,89,66.75,0.33708305581836595,0.3370800113513491
6,2,200,90,67.5,0.32489995274663497,0.32489733759948636
6,2,200,91,68.25,0.3137337120169488,0.3137315584849628
6,2,200,92,69.0,0.30366272536878824,0.30366107282729404
6,2,200,93,69.75,0.294754946641469,0.29475384230640095
6,2,200,94,70.5,0.2870674601557066,0.28706695978463737
6,2,200,95,71.25,0.2806461994623876,0.28064636802005993
6,2,200,96,72.0,0.27552582192137043,0.27552673422909324
6,2,200,97,72.75,0.27172973971558645,0.2717314810960185
6,2,200,98,73.5,0.26927030277188957,0.2692729696901599
6,2,200,99,74.25,0.26814912390563184,0.2681528245951284
6,2,200,100,75.0,0.26835753159885567,0.26836238664618217
6,2,200,101,75.75,0.26987713142817027,0.2698832742776973
6,2,200,102,76.5,0.2726804535268822,0.2726880308520475
6,2,200,103,77.25,0.27673166081466705,0.27674083269176514
6,2,200,104,78.0,0.2819872912307379,0.28199823104239397
6,2,200,105,78.75,0.2883970069816957,0.288409900972436
6,2,200,106,79.5,0.29590432491815,0.2959193713241943
6,2,200,107,80.25,0.30444730457123365,0.3044647122513521
6,2,200,108,81.0,0.3139591740274586,0.3139791605316973
6,2,200,109,81.75,0.3243688785458786,0.3243916675741322
6,2,200,110,82.5,0.33560154241060713,0.33562736063304666
6,2,200,111,83.25,0.34757884069647504,0.34760791393209267
6,2,200,112,84.0,0.3602192840970408,0.3602518328741202
6,2,200,113,84.75,0.37343842638713853,0.37347466093913917
6,2,200,114,85.5,0.38714901012187874,0.38718912490267565
6,2,200,115,86.25,0.4012610714737128,0.4013052393058751
6,2,200,116,87.0,0.41568202936772103,0.4157303953650051
6,2,200,117,87.75,0.43031678702411325,0.4303694624530592
6,2,200,118,88.5,0.4450678754452343,0.44512493170928136
6,2,200,119,89.25,0.4598356681517423,0.4598971310933807
6,2,200,120,90.0,0.4745186945185671,0.4745845392397271
6,2,200,121,90.75,0.4890140754107845,0.48908422180827504
6,2,200,122,91.5,0.5032180995847644,0.5032924087857837
6,2,200,123,92.25,0.5170269526972379,0.5171052245598919
6,2,200,124,93.0,0.5303376030278039,0.5304195748436434
6,2,200,125,93.75,0.5430488395084234,0.5431341860091561
6,2,200,126,94.5,0.5550624487575196,0.5551507834874848
6,2,200,127,95.25,0.5662845089610069,0.5663753870323115
6,2,200,128,96.0,0.5766267700665108,0.5767196922666962
6,2,200,129,96.75,0.5860080822918023,0.586102500466567
6,2,200,130,97.5,0.5943558287976933,0.5944511523855691
6,2,200,131,98.25,0.6016073138945462,0.601702917448591
6,2,200,132,99.0,0.6077110556287453,0.6078062871241975
6,2,200,133,99.75,0.6126279312371439,0.6127221209353074
6,2,200,134,100.5,0.6163321258754502,0.6164245954942629
6,2,200,135,101.25,0.6188118392303628,0.618901911162199
6,2,200,136,102.0,0.6200697110192871,0.6201567173371532
6,2,200,137,102.75,0.620122934766378,0.6202062257709292
6,2,200,138,103.5,0.6190030393234094,0.6190819914047692
6,2,200,139,104.25,0.616755328997015,0.6168293516164002
6,2,200,140,105.0,0.6134379853988389,0.6135065270341623
6,2,200,141,105.75,0.609120846749967,0.6091833996952329
6,2,200,142,106.5,0.6038838928147541,0.6039399967731277
6,2,200,143,107.25,0.5978154753753568,0.5978647198380633
6,2,200,144,108.0,0.5910103446693715,0.5910523701246114
6,2,200,145,108.75,0.583567531023529,0.5836020290890296
6,2,200,146,109.5,0.5755881476155198,0.5756148602328164
6,2,200,147,110.25,0.5671731845563289,0.5671919024223013
6,2,200,148,111.0,0.5584213660791321,0.5584319265188855
6,2,200,149,111.75,0.5494271414308641,0.5494294259343542
6,2,200,150,112.5,0.5402788760894484,0.5402728077413638
6,2,200,151,113.25,0.5310573032925591,0.5310428443204845
6,2,200,152,114.0,0.5218342867965181,0.5218114364464431
6,2,200,153,114.75,0.512671934625831,0.5126407275473236
6,2,200,154,115.5,0.5036220907557688,0.5035825960427995
6,2,200,155,116.25,0.49472621769647873,0.49467853868563344
6,2,200,156,117.0,0.4860156683733976,0.48595994325110414
6,2,200,157,117.75,0.4775123311093126,0.47744873432610424
6,2,200,158,118.5,0.46922961749522785,0.4691583619304961
6,2,200,159,119.25,0.4611737500548003,0.46109508982259756
6,2,200,160,120.0,0.45334529537840945,0.4532595291161755
6,2,200,161,120.75,0.44574087927698847,0.4456483537170095
6,2,200,162,121.5,0.43835501384371484,0.43825612743375125
6,2,200,163,122.25,0.43118196237167894,0.4310771686882405
6,2,200,164,123.0,0.424217567002335,0.4241073776887655
6,2,200,165,123.75,0.4174609657985458,0.4173459527611075
6,2,200,166,124.5,0.41091613055391357,0.41079692716256827
6,2,200,167,125.25,0.40459316385936245,0.4044704649255028
6,2,200,168,126.0,0.39850930343715435,0.3983838637771403
6,2,200,169,126.75,0.3926895931207434,0.3925622245602599
6,2,200,170,127.5,0.387167192633983,0.3870387593620099
6,2,200,171,128.25,0.38198331198299407,0.38185472422328515
6,2,200,172,129.0,0.37718677026926706,0.37705897629916535
6,2,200,173,129.75,0.3728331925109021,0.3727071691194008
6,2,200,174,130.5,0.3689838710882583,0.36886061262485975
6,2,200,175,131.25,0.3657043302212854,0.36558483644182993
6,2,200,176,132.0,0.36306264201148364,0.3629479049745255
6,2,200,177,132.75,0.36112755069403796,0.3610185409995296
6,2,200,178,133.5,0.3599664675893551,0.3598641202789212
6,2,200,179,134.25,0.3596434026625485,0.3595486031164396
6,2,200,180,135.0,0.36021689954289005,0.36013046971235696
6,2,200,181,135.75,0.36173803937444493,0.3616607246798216
6,2,200,182,136.5,0.36424857511287323,0.36418103231772214
6,2,200,183,137.25,0.36777925208809864,0.36772203842943163
6,2,200,184,138.0,0.3723483631285498,0.3723019269439573
6,2,200,185,138.75,0.37796057765794866,0.3779252507042924
6,2,200,186,139.5,0.3846060743372412,0.38458206594455824
6,2,200,187,140.25,0.39225999645892956,0.3922473896096036
6,2,200,188,141.0,0.4008822388352603,0.40088098820466844
6,2,200,189,141.75,0.41041756476282043,0.41042749670575707
6,2,200,190,142.5,0.42079604216501426,0.4208168565842828
6,2,200,191,143.25,0.4319337795302659,0.43196505352163556
6,2,200,192,144.0,0.4437339350341297,0.44377512816679165
6,2,200,193,144.75,0.45608796644297267,0.4561384275076442
6,2,200,194,145.5,0.468877085154881,0.468936060193334
6,2,200,195,146.25,0.48197387507294887,0.4820405164930217
6,2,200,196,147.0,0.4952440358869704,0.49531741246569305
6,2,200,197,147.75,0.5085482106551609,0.5086273182386674
6,2,200,198,148.5,0.5217438591643702,0.5218276318856591
6,2,200,199,149.25,0.5346871411970392,0.5347744630499616
6,2,200,200,150.0,0.5472347773064089,0.5473244939349122
6,2,500,0,0.0,0.9999999999999999,1.000000000000001
6,2,500,1,0.3,0.9996887916005768,0.9996887877264289
6,2,500,2,0.6,0.9987557706645436,0.9987557551838632
6,2,500,3,0.8999999999999999,0.9972027482954819,0.9972027135235491
6,2,500,4,1.2,0.9950327373956668,0.9950326757269663
6,2,500,5,1.5,0.9922499442841909,0.9922498482236021
6,2,500,6,1.7999999999999998,0.988859757009525,0.9888596192030249
6,2,500,7,2.1,0.9848687304034125,0.9848685436681559
6,2,500,8,2.4,0.980284567935947,0.9802843252895905
6,2,500,9,2.6999999999999997,0.9751161004443357,0.9751157951334833
6,2,500,10,3.0,0.969373261820113,0.9693728873477512
6,2,500,11,3.3,0.9630670617513698,0.9630666119031848
6,2,500,12,3.5999999999999996,0.9562095556278726,0.9562090244973319
6,2,500,13,3.9,0.9488138117276622,0.9488131937397567
6,2,500,14,4.2,0.940893875813834,0.940893165747382
6,2,500,15,4.5,0.9324647332796182,0.9324639262880436
6,2,500,16,4.8,0.9235422689885912,0.9235413606190874
6,2,500,17,5.1,0.914143224964781,0.9141422111757957
6,2,500,18,5.3999999999999995,0.9042851560945774,0.9042840332715405
6,2,500,19,5.7,0.8939863840086523,0.8939851489779009
6,2,500,20,6.0,0.8832659493175496,0.8832645993583969
6,2,500,21,6.3,0.8721435623791641,0.8721420952340735
6,2,500,22,6.6,0.8606395527799904,0.860637966662831
6,2,500,23,6.8999999999999995,0.8487748177147877,0.8487731113171465
6,2,500,24,7.199999999999999,0.836570769451141,0.8365689419466845
6,2,500,25,7.5,0.8240492820663309,0.8240473331132154
6,2,500,26,7.8,0.8112326376439492,0.8112305673852884
6,2,500,27,8.1,0.7981434721168166,0.7981412811792253
6,2,500,28,8.4,0.7848047209410107,0.7848024104312499
6,2,500,29,8.7,0.7712395647831942,0.7712371362829539
6,2,500,30,9.0,0.7574713753999918,0.7574688309588569
6,2,500,31,9.299999999999999,0.7435236618839219,0.7435210040105715
6,2,500,32,9.6,0.7294200174453771,0.7294172490970748
6,2,500,33,9.9,0.7151840668944172,0.7151811914648631
6,2,500,34,10.2,0.7008394149797262,0.7008364362853402
6,2,500,35,10.5,0.6864095957350377,0.686406517999754
6,2,500,36,10.799999999999999,0.6719180229757068,0.6719148508143667
6,2,500,37,11.1,0.6573879420799521,0.6573846804803795
6,2,500,38,11.4,0.6428423831806587,0.642839037484519
6,2,500,39,11.7,0.6283041158845972,0.628300691767134
6,2,500,40,12.0,0.6137956056265127,0.6137921090752615
6,2,500,41,12.299999999999999,0.5993389717558459,0.5993354090484342
6,2,500,42,12.6,0.5849559474439308,0.5849523251250656
6,2,500,43,12.9,0.5706678414894166,0.5706641663471694
6,2,500,44,13.2,0.5564955020894655,0.5564917811309608
6,2,500,45,13.5,0.5424592826340277,0.5424555230606445
6,2,500,46,13.799999999999999,0.5285790095702689,0.528575218752464
6,2,500,47,14.1,0.514873952374065,0.5148701378259221
6,2,500,48,14.399999999999999,0.5013627956554549,0.5013589650090675
6,2,500,49,14.7,0.48806361341510623,0.48805977439489645
6,2,500,50,15.0,0.47499384545924983,0.4749900058563256
6,2,500,51,15.299999999999999,0.4621702759712409,0.4621664436178873
6,2,500,52,15.6,0.44960901422893246,0.4496051969733334
6,2,500,53,15.899999999999999,0.43732547744847483,0.4373216831297563
6,2,500,54,16.2,0.4253343757269929,0.42533061215067275
6,2,500,55,16.5,0.4136496990489049,0.41364597396283354
6,2,500,56,16.8,0.40228470631344515,0.4022810273843138
6,2,500,57,17.099999999999998,0.39125191633428186,0.3912482911247711
6,2,500,58,17.4,0.38056310075599553,0.380559536702632
6,2,500,59,17.7,0.3702292788266295,0.37022578321841293
6,2,500,60,18.0,0.36026071396055287,0.3602572939184113
6,2,500,61,18.3,0.35066691202150674,0.3506635744786297
6,2,500,62,18.599999999999998,0.34145662125193393,0.3414533729350311
6,2,500,63,18.9,0.3326378337715326,0.33263468118305756
6,2,500,64,19.2,0.32421778856541983,0.3242147379667951
6,2,500,65,19.5,0.31620297588033275,0.3162000332762038
6,2,500,66,19.8,0.30859914294593127,0.30859631406947624
6,2,500,67,20.099999999999998,0.3014113009374745,0.3014085912367874
6,2,500,68,20.4,0.2946437330959124,0.2946411477214742
6,2,500,69,20.7,0.28830000392173727,0.2882975477149847
6,2,500,70,21.0,0.2823829693597593,0.2823806468427571
6,2,500,71,21.3,0.2768947878932711,0.2768926032594863
6,2,500,72,21.599999999999998,0.27183693246782403,0.27183488957400126
6,2,500,73,21.9,0.26721020316701966,0.26720830552614816
6,2,500,74,22.2,0.2630147405652805,0.2630129913406435
6,2,500,75,22.5,0.25925003968548593,0.25924844168577793
6,2,500,76,22.8,0.2559149644925811,0.25591352016807517
6,2,500,77,23.099999999999998,0.25300776285776694,0.2530064742975142
6,2,500,78,23.4,0.2505260819316097,0.25052495086164694
6,2,500,79,23.7,0.2484669838683268,0.24846601165087012
6,2,500,80,24.0,0.24682696184757577,0.24682614948117243
6,2,500,81,24.3,0.24560195634424803,0.24560130446486106
6,2,500,82,24.599999999999998,0.24478737160101322,0.24478688048400835
6,2,500,83,24.9,0.24437809226263116,0.2443777618256372
6,2,500,84,25.2,0.2443685001353037,0.24436832994191626
6,2,500,85,25.5,0.2447524910385531,0.24475248030285002
6,2,500,86,25.8,0.24552349172123292,0.24552363931307003
6,2,500,87,26.099999999999998,0.24667447681728719,0.24667478126834363
6,2,500,88,26.4,0.248197985820724,0.24819844533126462
6,2,500,89,26.7,0.2500861400629485,0.25008675250927254
6,2,500,90,27.0,0.252330659679064,0.2523314226216089
6,2,500,91,27.3,0.25492288055298856,0.2549237912450575
6,2,500,92,27.599999999999998,0.2578537712342168,0.25785482663130005
6,2,500,93,27.9,0.26111394982176905,0.2611151465914296
6,2,500,94,28.2,0.26469370081329746,0.2646950353455908
6,2,500,95,28.5,0.26858299191944673,0.268584460337846
6,2,500,96,28.799999999999997,0.2727714908453845,0.27277308901818237
6,2,500,97,29.099999999999998,0.2772485820429274,0.27725030559508884
6,2,500,98,29.4,0.28200338343787823,0.2820052277633127
6,2,500,99,29.7,0.28702476313806213,0.2870267234122926
6,2,500,100,30.0,0.29230135612811714,0.2923034273213154
6,2,500,101,30.299999999999997,0.2978215809573459,0.2978237578477105
6,2,500,102,30.599999999999998,0.3035736564268987,0.3035759336143475
6,2,500,103,30.9,0.3095456182822306,0.30954799020238166
6,2,500,104,31.2,0.3157253359161763,0.3157277968545919
6,2,500,105,31.5,0.3221005290871414,0.3221030731938071
6,2,500,106,31.799999999999997,0.32865878465581366,0.3286614059598272
6,2,500,107,32.1,0.335387573342504,0.3353902657669452
6,2,500,108,32.4,0.34227426650572534,0.34227702388267994
6,2,500,109,32.699999999999996,0.3493061529409591,0.34930896902667014
6,2,500,110,33.0,0.3564704556967493,0.3564733241868636
6,2,500,111,33.3,0.3637543489033373,0.3637572634482205
6,2,500,112,33.6,0.37114497460703677,0.37114792882712533
6,2,500,113,33.9,0.37862945960146227,0.37863244710262034
6,2,500,114,34.199999999999996,0.3861949322446102,0.3861979466334612
6,2,500,115,34.5,0.3938285392486581,0.39383157414785663
6,2,500,116,34.8,0.4015174624272388,0.4015205114906479
6,2,500,117,35.1,0.40924893538287244,0.40925199231061443
6,2,500,118,35.4,0.41701026011524206,0.4170133186685836
6,2,500,119,35.699999999999996,0.42478882352908404,0.42479187754512165
6,2,500,120,36.0,0.4325721138186737,0.43257515722478107
6,2,500,121,36.3,0.44034773670422667,0.440350763532226
6,2,500,122,36.6,0.44810343149403875,0.44810643589405813
6,2,500,123,36.9,0.45582708694485574,0.45583006319883246
6,2,500,124,37.199999999999996,0.46350675689183485,0.4635096994266274
6,2,500,125,37.5,0.4711306756185253,0.4711335790185944
6,2,500,126,37.8,0.47868727293658203,0.4786901319561983
6,2,500,127,38.1,0.4861651889444408,0.48616799851938697
6,2,500,128,38.4,0.49355328843392465,0.49355604369264633
6,2,500,129,38.699999999999996,0.5008406749137392,0.5008433711879128
6,2,500,130,39.0,0.5080167042190324,0.5080193370535105
6,2,500,131,39.3,0.5150709976766672,0.5150735628387655
6,2,500,132,39.6,0.5219934547965442,0.5219959482846399
6,2,500,133,39.9,0.5287742654602622,0.5287766835116655
6,2,500,134,40.199999999999996,0.5354039215795501,0.5354062606776253
6,2,500,135,40.5,0.5418732281982946,0.5418754850787971
6,2,500,136,40.8,0.5481733140135625,0.548175485670169
6,2,500,137,41.1,0.5542956412927965,0.5542977249818051
6,2,500,138,41.4,0.5602320151663184,0.5602340084104979
6,2,500,139,41.699999999999996,0.5659745922763848,0.5659764928679568
6,2,500,140,42.0,0.5715158887663003,0.5715176947690402
6,2,500,141,42.3,0.5768487875954719,0.5768504973459192
6,2,500,142,42.6,0.581966545168777,0.5819681572765475
6,2,500,143,42.9,0.5868627972711783,0.5868643106183763
6,2,500,144,43.199999999999996,0.5915315643011474,0.5915329780408797
6,2,500,145,43.5,0.5959672557991242,0.5959685693531209
6,2,500,146,43.8,0.6001646742699154,0.6001658873252653
6,2,500,147,44.1,0.6041190183006067,0.6041201308056253
6,2,500,148,44.4,0.6078258849782081,0.6078268971374508
6,2,500,149,44.699999999999996,0.6112812716138364,0.611282183882283
6,2,500,150,45.0,0.6144815767827578,0.6144823898591922
6,2,500,151,45.3,0.617423600692036,0.6174243155116519
6,2,500,152,45.6,0.6201045448898376,0.6201051626161047
6,2,500,153,45.9,0.6225220113326293,0.6225225333484575
6,2,500,154,46.199999999999996,0.6246740008285242,0.6246744287267674
6,2,500,155,46.5,0.6265589108769047,0.6265592464502496
6,2,500,156,46.8,0.628175532926136,0.628175778156423
6,2,500,157,47.1,0.6295230490726798,0.6295232061197084
6,2,500,158,47.4,0.6306010282262201,0.6306010994160935
6,2,500,159,47.699999999999996,0.6314094217665052,0.6314094095795681
6,2,500,160,48.0,0.6319485587184788,0.6319484657769081
6,2,500,161,48.3,0.6322191404729467,0.6322189695280563
6,2,500,162,48.6,0.6322222350804527,0.6322219889997726
6,2,500,163,48.9,0.6319592711462696,0.6319589529004621
6,2,500,164,49.199999999999996,0.631432031354408,0.6314316440040855
6,2,500,165,49.5,0.6306426456483437,0.6306421923308507
6,2,500,166,49.8,0.6295935840957501,0.6295930680119728
6,2,500,167,50.1,0.6282876494639082,0.6282870738651765
6,2,500,168,50.4,0.6267279695316799,0.6267273377068208
6,2,500,169,50.699999999999996,0.624917989162944,0.6249173044255505
6,2,500,170,51.0,0.6228614621652784,0.622860727841251
6,2,500,171,51.3,0.6205624429563783,0.620561662371798
6,2,500,172,51.6,0.618025278059305,0.6180244545286901
6,2,500,173,51.9,0.6152545974461345,0.6152537342611362
6,2,500,174,52.199999999999996,0.6122553057479627,0.6122544061665456
6,2,500,175,52.5,0.6090325733475439,0.6090316405837004
6,2,500,176,52.8,0.6055918273690956,0.605590864583133
6,2,500,177,53.1,0.601938742578037,0.6019377528674783
6,2,500,178,53.4,0.5980792322016419,0.598078218592772
6,2,500,179,53.699999999999996,0.5940194386798137,0.5940184041199013
6,2,500,180,54.0,0.5897657243534473,0.5897646717036709
6,2,500,181,54.3,0.5853246620961469,0.5853235941252415
6,2,500,182,54.6,0.5807030258934424,0.5807019452720854
6,2,500,183,54.9,0.575907781372108,0.5759066906680561
6,2,500,184,55.199999999999996,0.5709460762807588,0.5709449779547406
6,2,500,185,55.5,0.5658252309215813,0.5658241273239508
6,2,500,186,55.8,0.5605527285318924,0.5605516219000383
6,2,500,187,56.1,0.5551362056131869,0.555135098069692
6,2,500,188,56.4,0.5495834422044846,0.5495823357560234
6,2,500,189,56.699999999999996,0.5439023520960948,0.5439012486330546
6,2,500,190,57.0,0.5381009729794182,0.5380998742762209
6,2,500,191,57.3,0.5321874565280852,0.5321863642441915
6,2,500,192,57.599999999999994,0.5261700584056139,0.5261689740871771
6,2,500,193,57.9,0.5200571281948395,0.5200560532769816
6,2,500,194,58.199999999999996,0.513857099244638,0.5138560350543154
6,2,500,195,58.5,0.5075784784299336,0.5075774261893533
6,2,500,196,58.8,0.5012298358216282,0.5012287966521783
6,2,500,197,59.099999999999994,0.49481979426393274,0.4948187691905863
6,2,500,198,59.4,0.4883570188575967,0.48835600881374597
6,2,500,199,59.699999999999996,0.4818502063487067,0.48184921218138677
6,2,500,200,60.0,0.47530807442406975,0.47530709689952355
6,2,500,201,60.3,0.468739350915664,0.46873839072520906
6,2,500,202,60.599999999999994,0.4621527629182494,0.46215182068439636
6,2,500,203,60.9,0.45555702582593693,0.4555561021087196
6,2,500,204,61.199999999999996,0.4489608322953184,0.4489599275987897
6,2,500,205,61.5,0.442372841144631,0.4423719559234822
6,2,500,206,61.8,0.4358016662003552,0.4358008008666171
6,2,500,207,62.099999999999994,0.42925586510459623,0.4292550200343822
6,2,500,208,62.4,0.4227439280985594,0.4227431036388132
6,2,500,209,62.699999999999996,0.4162742667993803,0.4162734632745941
6,2,500,210,63.0,0.40985520298947453,0.4098544207083403
6,2,500,211,63.3,0.4034949574394245,0.4034941967013928
6,2,500,212,63.599999999999994,0.39720163878718734,0.39720089988890417
6,2,500,213,63.9,0.39098323249807465,0.39098251573967047
6,2,500,214,64.2,0.3848475899314909,0.38484689562270424
6,2,500,215,64.5,0.3788024175418154,0.3788017460079296
6,2,500,216,64.8,0.3728552662420408,0.37285461782962054
6,2,500,217,65.1,0.3670135209598318,0.3670128960422483
6,2,500,218,65.39999999999999,0.36128439041651517,0.36128378939925226
6,2,500,219,65.7,0.35567489716015155,0.35567432048588543
6,2,500,220,66.0,0.3501918678842466,0.35019131603770187
6,2,500,221,66.3,0.34484192406383585,0.3448413975764134
6,2,500,222,66.6,0.33963147294059864,0.33963097239478424
6,2,500,223,66.89999999999999,0.33456669888833457,0.3345662249218921
6,2,500,224,67.2,0.32965355518954775,0.329653108499506
6,2,500,225,67.5,0.32489775625303907,0.32489733759948636
6,2,500,226,67.8,0.32030477030130433,0.3203043805109979
6,2,500,227,68.1,0.3158798125551703,0.3158794525249813
6,2,500,228,68.39999999999999,0.3116278389414896,0.31162750964169444
6,2,500,229,68.7,0.30755354034785254,0.30755324282529006
6,2,500,230,69.0,0.30366133744618373,0.30366107282729404
6,2,500,231,69.3,0.2999553761047719,0.2999551455985331
6,2,500,232,69.6,0.2964395234057564,0.29643932830653746
6,2,500,233,69.89999999999999,0.2931173642823798,0.29311720597272545
6,2,500,234,70.2,0.2899921987874237,0.28999207874078625
6,2,500,235,70.5,0.2870670400012052,0.28706695978463737
6,2,500,236,70.8,0.2843446125843386,0.2843445738611594
6,2,500,237,71.1,0.2818273519771892,0.2818273565096342
6,2,500,238,71.39999999999999,0.2795174042445888,0.27951745389645066
6,2,500,239,71.7,0.2774166265609648,0.2774167233002319
6,2,500,240,72.0,0.2755265883275994,0.27552673422909324
6,2,500,241,72.3,0.27384857291029086,0.2738487701583015
6,2,500,242,72.6,0.2723835799822805,0.2723838308731973
6,2,500,243,72.89999999999999,0.2711323284539557,0.27113263539888466
6,2,500,244,73.2,0.2700952599675725,0.2700956254949301
6,2,500,245,73.5,0.2692725429320919,0.2692729696901599
6,2,500,246,73.8,0.2686640770702152,0.26866456782963744
6,2,500,247,74.1,0.2682694984468651,0.2682700561030658
6,2,500,248,74.39999999999999,0.268088184945722,0.26808881252121686
6,2,500,249,74.7,0.2681192621579995,0.2681199628045724
6,2,500,250,75.0,0.2683616096454717,0.26836238664618217
6,2,500,251,75.3,0.26881386753785375,0.26881472430883935
6,2,500,252,75.6,0.26947444342301424,0.2694753835150479
6,2,500,253,75.89999999999999,0.2703415194871761,0.27034254658693563
6,2,500,254,76.2,0.2714130598612625,0.2714141777922687
6,2,500,255,76.5,0.27268681812887413,0.2726880308520475
6,2,500,256,76.8,0.27416034495105146,0.27416165656484115
6,2,500,257,77.1,0.2758309957630013,0.275832410503034
6,2,500,258,77.39999999999999,0.2776959384983324,0.27769746073653045
6,2,500,259,77.7,0.2797521612970802,0.27975379554019675
6,2,500,260,78.0,0.2819964801548754,0.28199823104239397
6,2,500,261,78.3,0.2844255464720452,0.2844274187733945
6,2,500,262,78.6,0.287035854463208,0.28703785307423846
6,2,500,263,78.89999999999999,0.28982374839002356,0.28982587832869966
6,2,500,264,79.2,0.2927854295821841,0.29278769598344406
6,2,500,265,79.5,0.29591696321445377,0.2959193713241943
6,2,500,266,79.8,0.29921428481057105,0.29921683997871645
6,2,500,267,80.1,0.30267320644809553,0.30267591412071304
6,2,500,268,80.39999999999999,0.30628942264178405,0.3062922883522158
6,2,500,269,80.7,0.3100585158867994,0.3100615452457818
6,2,500,270,81.0,0.31397596184694754,0.3139791605316973
6,2,500,271,81.3,0.3180371341771947,0.31804050791944516
6,2,500,272,81.6,0.3222373089738768,0.32224086354685477
6,2,500,273,81.89999999999999,0.3265716688502748,0.3265754100546161
6,2,500,274,82.2,0.3310353066395303,0.3310392402881366
6,2,500,275,82.5,0.3356232287311979,0.33562736063304666
6,2,500,276,82.8,0.34033035805202916,0.3403346939949582
6,2,500,277,83.1,0.3451515367058248,0.34515608243831425
6,2,500,278,83.39999999999999,0.35008152829133615,0.35008628950332765
6,2,500,279,83.7,0.35511501992121436,0.35512000222400597
6,2,500,280,84.0,0.36024662396884954,0.3602518328741202
6,2,500,281,84.3,0.36547087957359037,0.3654763204716123
6,2,500,282,84.6,0.3707822539382396,0.37078793207534677
6,2,500,283,84.89999999999999,0.3761751434558627,0.3761810639112477
6,2,500,284,85.2,0.3816438747057861,0.3816500423677106
6,2,500,285,85.5,0.3871827053611704,0.38718912490267565
6,2,500,286,85.8,0.39278582505270254,0.392792500906921
6,2,500,287,86.1,0.3984473562347295,0.39845429256989573
6,2,500,288,86.39999999999999,0.4041613551015284,0.40416855579580035
6,2,500,289,86.7,0.4099218126023738,0.4099292812185784
6,2,500,290,87.0,0.4157226556045833,0.4157303953650051
6,2,500,291,87.3,0.421557748253809,0.42156576201514584
6,2,500,292,87.6,0.42742089358046403,0.4274291838090748
6,2,500,293,87.89999999999999,0.4333058354003515,0.4333144041479262
6,2,500,294,88.2,0.4392062605562641,0.4392151094360467
6,2,500,295,88.5,0.44511580154558517,0.44512493170928136
6,2,500,296,88.8,0.4510280395767223,0.45103745169222603
6,2,500,297,89.1,0.4569365080945672,0.456946202324635
6,2,500,298,89.39999999999999,0.46283469681211675,0.4628446727941228
6,2,500,299,89.7,0.46871605628191493,0.4687263131088116
6,2,500,300,90.0,0.4745740030371167,0.4745845392397271
6,2,500,301,90.3,0.4804019253277527,0.4804127388585163
6,2,500,302,90.6,0.48619318947320994,0.48620427769149316
6,2,500,303,90.89999999999999,0.4919411468470821,0.4919525065061662
6,2,500,304,91.2,0.49763914150540217,0.49765076874124814
6,2,500,305,91.5,0.5032805184638965,0.5032924087857837
6,2,500,306,91.8,0.508858632624331,0.5088707809074562
6,2,500,307,92.1,0.5143668583442861,0.5143792588243986
6,2,500,308,92.39999999999999,0.5197985996388652,0.5198112459090072
6,2,500,309,92.7,0.5251473009969172,0.5251601860063255
6,2,500,310,93.0,0.5304064587884258,0.5304195748436434
6,2,500,311,93.3,0.5355696332338017,0.5355829720020323
6,2,500,312,93.6,0.5406304608999625,0.5406440134146925
6,2,500,313,93.89999999999999,0.5455826676823559,0.5455964243512551
6,2,500,314,94.2,0.5504200822265124,0.5504340328416132
6,2,500,315,94.5,0.5551366497373473,0.5551507834874848
6,2,500,316,94.8,0.5597264461193219,0.5597407516048174
6,2,500,317,95.1,0.5641836923857637,0.564198157635303
6,2,500,318,95.39999999999999,0.568502769271164,0.5685173817608264
6,2,500,319,95.7,0.5726782319761815,0.5726929786505536
6,2,500,320,96.0,0.5767048249713971,0.5767196922666962
6,2,500,321,96.3,0.5805774967826405,0.5805924706517605
6,2,500,322,96.6,0.5842914146779669,0.5843064806173491
6,2,500,323,96.89999999999999,0.5878419791741327,0.5878571222523522
6,2,500,324,97.2,0.5912248382787332,0.5912400431666814
6,2,500,325,97.5,0.5944359013830345,0.5944511523855691
6,2,500,326,97.8,0.59747135271999,0.5974866338089175
6,2,500,327,98.1,0.6003276643019717,0.6003429591502152
6,2,500,328,98.39999999999999,0.603001608253407,0.6030169002702075
6,2,500,329,98.7,0.6054902684547597,0.6055055408217563
6,2,500,330,99.0,0.6077910514161775,0.6078062871241975
6,2,500,331,99.3,0.6099016963015906,0.6099168781879905
6,2,500,332,99.6,0.6118202840271397,0.611835394813521
6,2,500,333,99.89999999999999,0.6135452453614598,0.6135602676915894
6,2,500,334,100.2,0.6150753679595853,0.6150902844373533
6,2,500,335,100.5,0.6164098022670285,0.6164245954942629
6,2,500,336,100.8,0.6175480662358789,0.6175627188498554
6,2,500,337,101.1,0.6184900488005786,0.6185045435110521
6,2,500,338,101.39999999999999,0.6192360120672802,0.6192503316928782
6,2,500,339,101.7,0.6197865921773854,0.6198007196812018
6,2,500,340,102.0,0.6201427988129152,0.6201567173371532
6,2,500,341,102.3,0.6203060133187794,0.6203197062182979
6,2,500,342,102.6,0.6202779854246968,0.6202914362993202
6,2,500,343,102.89999999999999,0.6200608285574639,0.6200740212829307
6,2,500,344,103.2,0.6196570137423935,0.6196699324998202
6,2,500,345,103.5,0.6190693621010155,0.6190819914047692
6,2,500,346,103.8,0.6183010359604768,0.6183133606843596
6,2,500,347,104.1,0.6173555285984575,0.6173675340001169
6,2,500,348,104.39999999999999,0.6162366526557606,0.6162483243992531
6,2,500,349,104.7,0.6149485272569928,0.6149598514334407
6,2,500,350,105.0,0.6134955638878671,0.6135065270341623
6,2,500,351,105.3,0.611882451085562,0.6118930402010846
6,2,500,352,105.6,0.6101141380062334,0.6101243405675645
6,2,500,353,105.89999999999999,0.6081958169411125,0.6082056209147378
6,2,500,354,106.2,0.6061329048595948,0.6061422987126082
6,2,500,355,106.5,0.6039310240643015,0.6039399967731277
6,2,500,356,106.8,0.6015959820491708,0.6016045231063478
6,2,500,357,107.1,0.5991337506572465,0.5991418500763157
6,2,500,358,107.39999999999999,0.5965504446398567,0.5965580929584187
6,2,500,359,107.7,0.5938522997233244,0.5938594880043413
6,2,500,360,108.0,0.5910456502931842,0.5910523701246114
6,2,500,361,108.3,0.588136906809037,0.5881431503018794
6,2,500,362,108.6,0.5851325330656679,0.5851382928505704
6,2,500,363,108.89999999999999,0.5820390234178312,0.5820442926403195
6,2,500,364,109.2,0.5788628800871727,0.5788676524016675
6,2,500,365,109.5,0.575610590670078,0.5756148602328164
6,2,500,366,109.8,0.5722886059648338,0.5722923674258334
6,2,500,367,110.1,0.5689033182353196,0.5689065667295328
6,2,500,368,110.39999999999999,0.5654610400265583,0.5654637711643593
6,2,500,369,110.7,0.561967983644816,0.5619701935019752
6,2,500,370,111.0,0.5584302414115917,0.5584319265188855
6,2,500,371,111.3,0.5548537667967783,0.5548549241293887
6,2,500,372,111.6,0.5512443565315459,0.5512449834984001
6,2,500,373,111.89999999999999,0.5476076337960977,0.5476077282292968
6,2,500,374,112.2,0.5439490325714502,0.5439485927159327
6,2,500,375,112.5,0.5402737832377816,0.5402728077413638
6,2,500,376,112.8,0.5365868994947556,0.536585387398683
6,2,500,377,113.1,0.5328931666715833,0.5328911174017226
6,2,500,378,113.39999999999999,0.5291971314864898,0.5291945448452817
6,2,500,379,113.7,0.5255030933067515,0.5254999694660366
6,2,500,380,114.0,0.5218150969516224,0.5218114364464431
6,2,500,381,114.3,0.5181369270713294,0.5181327307947967
6,2,500,382,114.6,0.5144721041259359,0.5144673733252423
6,2,500,383,114.89999999999999,0.51082388197833,0.5108186182519768
6,2,500,384,115.19999999999999,0.5071952471059249,0.5071894524022167
6,2,500,385,115.5,0.5035889194259515,0.5035825960427995
6,2,500,386,115.8,0.5000073547195161,0.5000005053055784
6,2,500,387,116.1,0.49645274862997285,0.49644537618714424
6,2,500,388,116.39999999999999,0.49292704220167044,0.49291915008892
6,2,500,389,116.69999999999999,0.4894319289158374,0.4894235208543791
6,2,500,390,117.0,0.48596886317133914,0.48595994325110414
6,2,500,391,117.3,0.4825390701493212,0.4825296428366903
6,2,500,392,117.6,0.47914355699241085,0.47913362713914304
6,2,500,393,117.89999999999999,0.475783125221228,0.47577269807451844
6,2,500,394,118.19999999999999,0.47245838430352105,0.4724474655170991
6,2,500,395,118.5,0.46916976628432494,0.4691583619304961
6,2,500,396,118.8,0.46591754137919883,0.4659056579617184
6,2,500,397,119.1,0.4627018344268622,0.4626894788945184
6,2,500,398,119.39999999999999,0.4595226420924636,0.4595098218532399
6,2,500,399,119.69999999999999,0.45637985070830617,0.4563665736439796
6,2,500,400,120.0,0.45327325463515217,0.4532595291161755
6,2,500,401,120.3,0.450202575024252,0.45018840992476394
6,2,500,402,120.6,0.4471674788580177,0.44715288357081606
6,2,500,403,120.89999999999999,0.444167598145791,0.44415258259709683
6,2,500,404,121.19999999999999,0.4412025491504549,0.44118712381429837
6,2,500,405,121.5,0.43827195152170556,0.43825612743375125
6,2,500,406,121.8,0.4353754472126352,0.43535923598327636
6,2,500,407,122.1,0.4325127190578757,0.43249613288441136
6,2,500,408,122.39999999999999,0.4296835088938896,0.4296665605716153
6,2,500,409,122.69999999999999,0.4268876351050702,0.4268703380371037
6,2,500,410,123.0,0.42412500948309106,0.4241073776887655
6,2,500,411,123.3,0.4213956532914062,0.4213777014130634
6,2,500,412,123.6,0.41869971243190957,0.4186814557399383
6,2,500,413,123.89999999999999,0.4160374716164897,0.4160189260124556
6,2,500,414,124.19999999999999,0.41340936745251405,0.41339054947023923
6,2,500,415,124.5,0.41081600035810634,0.41079692716256827
6,2,500,416,124.8,0.40825814523040294,0.4082388346143327
6,2,500,417,125.1,0.40573676079772714,0.40571723117579406
6,2,500,418,125.39999999999999,0.4032529975947614,0.4032332679952505
6,2,500,419,125.69999999999999,0.4008082045082726,0.40078829456217563
6,2,500,420,126.0,0.39840393384969375,0.3983838637771403
6,2,500,421,126.3,0.3960419449198354,0.39602173551381364
6,2,500,422,126.6,0.39372420604012853,0.39370387864746054
6,2,500,423,126.89999999999999,0.39145289503403613,0.3914324715335828
6,2,500,424,127.19999999999999,0.3892303981515437,0.38920990092963675
6,2,500,425,127.5,0.38705930743890027,0.3870387593620099
6,2,500,426,127.8,0.38494241656496975,0.38492184094964094
6,2,500,427,128.1,0.3828827151246061,0.3828621357047025
6,2,500,428,128.4,0.38088338144833667,0.3808628223396533
6,2,500,429,128.7,0.37894777395626494,0.3789272596185924
6,2,500,430,129.0,0.377079421102441,0.37705897629916535
6,2,500,431,129.29999999999998,0.37528200996393746,0.37526165971928804
6,2,500,432,129.6,0.37355937353647733,0.3735391430905467
6,2,500,433,129.9,0.3719154768056232,0.37189539156728824
6,2,500,434,130.2,0.3703544016692394,0.3703344871671411
6,2,500,435,130.5,0.36888033079312177,0.36886061262485975
6,2,500,436,130.79999999999998,0.36749753048733175,0.3674780342670502
6,2,500,437,131.1,0.36621033269584047,0.3661910840003842
6,2,500,438,131.4,0.36502311619656025,0.3650041405104007
6,2,500,439,131.7,0.3639402871126936,0.363921609771819
6,2,500,440,132.0,0.3629662588395453,0.3629479049745255
6,2,500,441,132.29999999999998,0.3621054314935155,0.3620874259719566
6,2,500,442,132.6,0.3613621709919078,0.36134453836051245
6,2,500,443,132.9,0.3607407878734419,0.3607235522998961
6,2,500,444,133.2,0.36024551596996496,0.3602287011848772
6,2,500,445,133.5,0.3598804910398056,0.3598641202789212
6,2,500,446,133.79999999999998,0.3596497294725257,0.35963382541943617
6,2,500,447,134.1,0.35955710717350714,0.35954169190308133
6,2,500,448,134.4,0.3596063387348885,0.35959143365764024
6,2,500,449,134.7,0.359800956996851,0.35978658280445636
6,2,500,450,135.0,0.3601442931001834,0.36013046971235696
6,2,500,451,135.29999999999998,0.3606394571274447,0.3606262036403764
6,2,500,452,135.6,0.36128931942593934,0.3612766540624847
6,2,500,453,135.9,0.3620964927011413,0.3620844327629482
6,2,500,454,136.2,0.3630633149642046,0.36305187678595463
6,2,500,455,136.5,0.3641918334117956,0.36418103231772214
6,2,500,456,136.79999999999998,0.3654837893107468,0.3654736395735826
6,2,500,457,137.1,0.3669406039539773,0.3669311187564742
6,2,500,458,137.4,0.3685633657478136,0.36855455714696106
6,2,500,459,137.7,0.3703528184843165,0.37034469737837256
6,2,500,460,138.0,0.37230935084551625,0.3723019269439573
6,2,500,461,138.29999999999998,0.3744329871796326,0.3744262689761025
6,2,500,462,138.6,0.37672337958244717,0.376717374330785
6,2,500,463,138.9,0.3791798013100517,0.37917451500345223
6,2,500,464,139.2,0.38180114154226225,0.3817965788956177
6,2,500,465,139.5,0.3845859015091063,0.38458206594455824
6,2,500,466,139.79999999999998,0.3875321919860037,0.38752908562171956
6,2,500,467,140.1,0.3906377321566055,0.39063535579878617
6,2,500,468,140.4,0.39389984983578114,0.3938982029738854
6,2,500,469,140.7,0.39731548303896574,0.39731456384412767
6,2,500,470,141.0,0.40088118287806107,0.40088098820466844
6,2,500,471,141.29999999999998,0.4045931177583243,0.4045936431487014
6,2,500,472,141.6,0.4084470788452328,0.4084483185373771
6,2,500,473,141.9,0.41243848676519446,0.41244043370348826
6,2,500,474,142.2,0.4165623994992017,0.4165650453480245
6,2,500,475,142.5,0.4208135214241321,0.4208168565842828
6,2,500,476,142.79999999999998,0.42518621345239066,0.4251902270802193
6,2,500,477,143.1,0.42967450421697606,0.42967918424612556
6,2,500,478,143.4,0.43427210224585955,0.434277435411501
6,2,500,479,143.7,0.43897240906678103,0.4389783809322282
6,2,500,480,144.0,0.44376853318120746,0.44377512816679165
6,2,500,481,144.29999999999998,0.4486533048442558,0.44866050625832987
6,2,500,482,144.6,0.4536192915858661,0.4536270816578172
6,2,500,483,144.9,0.4586588144073893,0.45866717432252385
6,2,500,484,145.2,0.4637639645870556,0.4637728745232305
6,2,500,485,145.5,0.46892662102746263,0.468936060193334
6,2,500,486,145.79999999999998,0.4741384680782891,0.47414841475303965
6,2,500,487,146.1,0.4793910137678541,0.4794014453422826
6,2,500,488,146.4,0.4846756083779047,0.4846865013967403
6,2,500,489,146.7,0.4899834632970989,0.4899947935024245
6,2,500,490,147.0,0.49530567009002935,0.49531741246569305
6,2,500,491,147.29999999999998,0.5006332197202898,0.5006453485371837
6,2,500,492,147.6,0.5059570218679934,0.5059695107300948
6,2,500,493,147.9,0.5112679242842776,0.5112807461753418
6,2,500,494,148.2,0.5165567321276605,0.5165698594584669
6,2,500,495,148.5,0.5218142272296045,0.5218276318856591
6,2,500,496,148.79999999999998,0.5270311872392809,0.5270448406288857
6,2,500,497,149.1,0.5321984046002832,0.5322122777028903
6,2,500,498,149.4,0.5373067053148651,0.5373207687296343
6,2,500,499,149.7,0.5423469674541865,0.5423611914486788
6,2,500,500,150.0,0.5473101393759717,0.5473244939349122
6,2,1000,0,0.0,0.9999999999999999,1.000000000000001
6,2,1000,1,0.15,0.999922187728664,0.9999221874864723
6,2,1000,2,0.3,0.9996887886949488,0.9996887877264289
6,2,1000,3,0.44999999999999996,0.9992999162134161,0.9992999140351788
6,2,1000,4,0.6,0.9987557590539643,0.9987557551838632
6,2,1000,5,0.75,0.9980565813103608,0.9980565752679865
6,2,1000,6,0.8999999999999999,0.9972027222163751,0.9972027135235491
6,2,1000,7,1.05,0.9961945959096945,0.9961945840909586
6,2,1000,8,1.2,0.9950326911438607,0.9950326757269663
6,2,1000,9,1.3499999999999999,0.9937175709485176,0.9937175514649083
6,2,1000,10,1.5,0.9922498722383097,0.9922498482236021
6,2,1000,11,1.65,0.9906303053708235,0.990630276365282
6,2,1000,12,1.7999999999999998,0.9888596536540171,0.9888596192030249
6,2,1000,13,1.95,0.9869387728036293,0.9869387324581526
6,2,1000,14,2.1,0.9848685903511102,0.9848685436681559
6,2,1000,15,2.25,0.9826501050026669,0.9826500515457351
6,2,1000,16,2.4,0.9802843859500607,0.9802843252895905
6,2,1000,17,2.55,0.9777725721338475,0.9777725038476525
6,2,1000,18,2.6999999999999997,0.9751158714597861,0.9751157951334833
6,2,1000,19,2.85,0.9723155599692002,0.9723154751966306
6,2,1000,20,3.0,0.9693729809641097,0.9693728873477512
6,2,1000,21,3.15,0.966289544088003,0.9662894412393693
6,2,1000,22,3.3,0.9630667243631486,0.9630666119031848
6,2,1000,23,3.4499999999999997,0.9597060611854054,0.9597059387448671
6,2,1000,24,3.5999999999999996,0.956209157277506,0.9562090244973319
6,2,1000,25,3.75,0.9525776776018511,0.9525775341335225
6,2,1000,26,3.9,0.948813348233867,0.9488131937397567
6,2,1000,27,4.05,0.9449179551970323,0.9449177893507412
6,2,1000,28,4.2,0.9408933432606996,0.940893165747382
6,2,1000,29,4.35,0.9367414147018809,0.9367412252185565
6,2,1000,30,4.5,0.9324641280321899,0.9324639262880436
6,2,1000,31,4.6499999999999995,0.9280634966911676,0.9280632824078354
6,2,1000,32,4.8,0.9235415877072436,0.9235413606190874
6,2,1000,33,4.95,0.9189005203276124,0.9189002801819791
6,2,1000,34,5.1,0.9141424646183303,0.9141422111757957
6,2,1000,35,5.25,0.909269640035954,0.9092693730705577
6,2,1000,36,5.3999999999999995,0.9042843139720793,0.9042840332715405
6,2,1000,37,5.55,0.8991888002721382,0.8991885056380602
6,2,1000,38,5.7,0.893985457729845,0.8939851489779009
6,2,1000,39,5.85,0.8886766885586905,0.888676365518802
6,2,1000,40,6.0,0.8832649368419051,0.8832645993583969
6,2,1000,41,6.1499999999999995,0.8777526869623126,0.8777523348940591
6,2,1000,42,6.3,0.87214246201352,0.8721420952340735
6,2,1000,43,6.45,0.8664368221938878,0.8664364405915925
6,2,1000,44,6.6,0.8606383631847402,0.860637966662831
6,2,1000,45,6.75,0.8547497145142714,0.8547493029909563
6,2,1000,46,6.8999999999999995,0.8487735379086166,0.8487731113171465
6,2,1000,47,7.05,0.8427125256315525,0.8427120839202732
6,2,1000,48,7.199999999999999,0.8365693988142956,0.8365689419466845
6,2,1000,49,7.35,0.8303469057768578,0.8303464337315478
6,2,1000,50,7.5,0.8240478203424284,0.8240473331132154
6,2,1000,51,7.6499999999999995,0.8176749401462341,0.8176744377420682
6,2,1000,52,7.8,0.8112310849403267,0.8112305673852884
6,2,1000,53,7.949999999999999,0.8047190948957381,0.8047185622290034
6,2,1000,54,8.1,0.7981418289034394,0.7981412811792253
6,2,1000,55,8.25,0.7915021628755139,0.7915016001630115
6,2,1000,56,8.4,0.7848029880479567,0.7848024104312499
6,2,1000,57,8.549999999999999,0.7780472092864853,0.7780466168644546
6,2,1000,58,8.7,0.7712377433967406,0.7712371362829539
6,2,1000,59,8.85,0.7643775174402284,0.7643768957628155
6,2,1000,60,9.0,0.75746946705734,0.7574688309588569
6,2,1000,61,9.15,0.7505165347987655,0.7505158844360426
6,2,1000,62,9.299999999999999,0.7435216684665953,0.7435210040105715
6,2,1000,63,9.45,0.7364878194663718,0.7364871411019194
6,2,1000,64,9.6,0.7294179411713413,0.7294172490970748
6,2,1000,65,9.75,0.7223149873001207,0.7223142817281951
6,2,1000,66,9.9,0.7151819103089672,0.7151811914648631
6,2,1000,67,10.049999999999999,0.7080216597998132,0.7080209279221111
6,2,1000,68,10.2,0.7008371809451986,0.7008364362853402
6,2,1000,69,10.35,0.6936314129311975,0.6936306557532371
6,2,1000,70,10.5,0.6864072874194085,0.686406517999754
6,2,1000,71,10.65,0.6791677270290467,0.6791669456561888
6,2,1000,72,10.799999999999999,0.671915643840134,0.6719148508143667
6,2,1000,73,10.95,0.6646539379187588,0.664653133551888
6,2,1000,74,11.1,0.6573854958653335,0.6573846804803795
6,2,1000,75,11.25,0.6501131893867477,0.6501123633176361
6,2,1000,76,11.4,0.6428398738932748,0.642839037484519
6,2,1000,77,11.549999999999999,0.635568387121051,0.6355675407274289
6,2,1000,78,11.7,0.6283015477809145,0.628300691767134
6,2,1000,79,11.85,0.6210421542343462,0.6210412889747061
6,2,1000,80,12.0,0.6137929831972192,0.6137921090752615
6,2,1000,81,12.15,0.6065567884720247,0.6065559058801816
6,2,1000,82,12.299999999999999,0.5993362997092002,0.5993354090484342
6,2,1000,83,12.45,0.5921342211981502,0.5921333228775879
6,2,1000,84,12.6,0.5849532306885032,0.5849523251250656
6,2,1000,85,12.75,0.5777959782421183,0.5777950658601441
6,2,1000,86,12.9,0.5706650851163028,0.5706641663471694
6,2,1000,87,13.049999999999999,0.5635631426786745,0.5635622179604133
6,2,1000,88,13.2,0.5564927113540521,0.5564917811309608
6,2,1000,89,13.35,0.5494563196037225,0.5494553843259743
6,2,1000,90,13.5,0.5424564629373945,0.5424555230606445
6,2,1000,91,13.65,0.535495602958104,0.5354946589430939
6,2,1000,92,13.799999999999999,0.5285761664403048,0.528575218752464
6,2,1000,93,13.95,0.5217005444413303,0.5216995935503771
6,2,1000,94,14.1,0.5148710914463809,0.5148701378259221
6,2,1000,95,14.25,0.5080901245471511,0.5080891686742804
6,2,1000,96,14.399999999999999,0.5013599226541703,0.5013589650090675
6,2,1000,97,14.549999999999999,0.49468272574290023,0.4946817668084293
6,2,1000,98,14.7,0.48806073413358797,0.48805977439489645
6,2,1000,99,14.85,0.48149610780484453,0.4814951477489637
6,2,1000,100,15.0,0.4749909657408802,0.4749900058563256
6,2,1000,101,15.149999999999999,0.46854738531229473,0.46854642608867025
6,2,1000,102,15.299999999999999,0.46216740169028564,0.4621664436178873
6,2,1000,103,15.45,0.45585300729410794,0.4558520508635314
6,2,1000,104,15.6,0.4496061512715826,0.4496051969733334
6,2,1000,105,15.75,0.44342873901242474,0.4434277873365309
6,2,1000,106,15.899999999999999,0.4373226316941281,0.4373216831297563
6,2,1000,107,16.05,0.43128964586011614,0.4312887008951918
6,2,1000,108,16.2,0.4253315530298414,0.42533061215067275
6,2,1000,109,16.349999999999998,0.4194500793404856,0.4194491430313916
6,2,1000,110,16.5,0.41364690521989045,0.41364597396283354
6,2,1000,111,16.65,0.40792366509032096,0.4079227393645453
6,2,1000,112,16.8,0.4022819471026402,0.4022810273843138
6,2,1000,113,16.95,0.39672329290045294,0.3967223796623165
6,2,1000,114,17.099999999999998,0.39124919741375075,0.3912482911247711
6,2,1000,115,17.25,0.38586110868157464,0.3858602098066046
6,2,1000,116,17.4,0.3805604277031872,0.380559536702632
6,2,1000,117,17.55,0.37534850831723354,0.3753476256467225
6,2,1000,118,17.7,0.3702266571083471,0.37022578321841293
6,2,1000,119,17.849999999999998,0.3651961333406457,0.36519526867641017
6,2,1000,120,18.0,0.3602581489175453,0.3602572939184113
6,2,1000,121,18.15,0.3554138683673068,0.35541302346665893
6,2,1000,122,18.3,0.3506644088537184,0.3506635744786297
6,2,1000,123,18.45,0.34601084021130546,0.34601001678225196
6,2,1000,124,18.599999999999998,0.34145418500444835,0.3414533729350311
6,2,1000,125,18.75,0.33699541860978177,0.3369946183064569
6,2,1000,126,18.9,0.33263546932124055,0.33263468118305756
6,2,1000,127,19.05,0.3283752184771106,0.32837444289545753
6,2,1000,128,19.2,0.32421550060843746,0.3242147379667951
6,2,1000,129,19.349999999999998,0.3201571036081423,0.3201563542818464
6,2,1000,130,19.5,0.3162007689201922,0.3162000332762038
6,2,1000,131,19.65,0.31234719174816616,0.3123464701448504
6,2,1000,132,19.8,0.3085970212825629,0.30859631406947624
6,2,1000,133,19.95,0.30495086094619206,0.3049501684638781
6,2,1000,134,20.099999999999998,0.3014092686569939,0.3014085912367874
6,2,1000,135,20.25,0.2979727571076341,0.2979720950714738
6,2,1000,136,20.4,0.2946417940612237,0.2946411477214742
6,2,1000,137,20.55,0.29141680266251924,0.29141617232179995
6,2,1000,138,20.7,0.28829816176396006,0.2882975477149847
6,2,1000,139,20.849999999999998,0.28528620626591106,0.28528560879133513
6,2,1000,140,21.0,0.28238122747048167,0.2823806468427571
6,2,1000,141,21.15,0.2795834734482996,0.2795829099295405
6,2,1000,142,21.3,0.2768931494176311,0.2768926032594863
6,2,1000,143,21.45,0.27431041813524326,0.27430988957877767
6,2,1000,144,21.599999999999998,0.271835400298416,0.27183488957400126
6,2,1000,145,21.75,0.2694681749575242,0.26946768228473705
6,2,1000,146,21.9,0.26720877993861875,0.26720830552614816
6,2,1000,147,22.05,0.2650572122754489,0.26505675632101117
6,2,1000,148,22.2,0.26301342865038035,0.2630129913406435
6,2,1000,149,22.349999999999998,0.2610773458436785,0.26107692735419363
6,2,1000,150,22.5,0.259248841190636,0.25924844168577793
6,2,1000,151,22.65,0.2575277530460438,0.257527372678959
6,2,1000,152,22.8,0.2559138812555123,0.25591352016807517
6,2,1000,153,22.95,0.25440698763317204,0.2544066459559495
6,2,1000,154,23.099999999999998,0.2530067964452911,0.2530064742975142
6,2,1000,155,23.25,0.2517129948993686,0.25171269238891264
6,2,1000,156,23.4,0.2505252336382753,0.25052495086164694
6,2,1000,157,23.55,0.24944312723902923,0.24944286428136198
6,2,1000,158,23.7,0.24846625471581385,0.24846601165087012
6,2,1000,159,23.849999999999998,0.24759416002685686,0.2475939369170376
6,2,1000,160,24.0,0.24682635258481017,0.24682614948117243
6,2,1000,161,24.15,0.2461623077702853,0.24616212471256588
6,2,1000,162,24.3,0.24560146744821432,0.24560130446486106
6,2,1000,163,24.45,0.2451432404867268,0.24514309759493647
6,2,1000,164,24.599999999999998,0.2447870032782452,0.24478688048400835
6,2,1000,165,24.75,0.2445321002625223,0.24453199756067462
6,2,1000,166,24.9,0.24437784445135693,0.2443777618256372
6,2,1000,167,25.05,0.24432351795474316,0.2443234553778576
6,2,1000,168,25.2,0.24436837250822346,0.24436832994191626
6,2,1000,169,25.349999999999998,0.2445116300012312,0.24451160739636146
6,2,1000,170,25.5,0.2447524830062256,0.24475248030285002
6,2,1000,171,25.65,0.24509009530843595,0.24509011243589746
6,2,1000,172,25.8,0.2455236024360476,0.24552363931307003
6,2,1000,173,25.95,0.2460521121906769,0.24605216872546531
6,2,1000,174,26.099999999999998,0.24667470517799758,0.24667478126834363
6,2,1000,175,26.25,0.24739043533839217,0.24739053087178536
6,2,1000,176,26.4,0.2481983304775201,0.24819844533126462
6,2,1000,177,26.55,0.249097392796703,0.24909752683803876
6,2,1000,178,26.7,0.2500865994230429,0.25008675250927254
6,2,1000,179,26.849999999999998,0.2511649029392,0.25116507491782053
6,2,1000,180,27.0,0.25233123191276985,0.2523314226216089
6,2,1000,181,27.15,0.2535844914252081,0.25358470069256506
6,2,1000,182,27.3,0.25492356360026536,0.2549237912450575
6,2,1000,183,27.45,0.256347308131902,0.2563475539638138
6,2,1000,184,27.599999999999998,0.2578545628116614,0.25785482663130005
6,2,1000,185,27.75,0.25944414405549476,0.25944442565454817
6,2,1000,186,27.9,0.2611148474300296,0.2611151465914296
6,2,1000,187,28.05,0.2628654481782916,0.2628657646763806
6,2,1000,188,28.2,0.26469470174488874,0.2646950353455908
6,2,1000,189,28.349999999999998,0.26660134430067894,0.26660169476167406
6,2,1000,190,28.5,0.2685840932669436,0.268584460337846
6,2,1000,191,28.65,0.270641647839098,0.2706420312616378
6,2,1000,192,28.799999999999997,0.2727726895099738,0.27277308901818237
6,2,1000,193,28.95,0.2749758825927101,0.27497629791310885
6,2,1000,194,29.099999999999998,0.2772498747432971,0.27725030559508884
6,2,1000,195,29.25,0.2795932974828161,0.2795937435780802
6,2,1000,196,29.4,0.2820047667194222,0.2820052277633127
6,2,1000,197,29.549999999999997,0.28448288327012033,0.28448335896106675
6,2,1000,198,29.7,0.2870262333823814,0.2870267234122926
6,2,1000,199,29.849999999999998,0.28963338925565063,0.2896338933101209
6,2,1000,200,30.0,0.2923029095627969,0.2923034273213154
6,2,1000,201,30.15,0.29503333997155207,0.2950338711077143
6,2,1000,202,30.299999999999997,0.29782321366598874,0.2978237578477105
6,2,1000,203,30.45,0.3006710518680812,0.3006716087578148
6,2,1000,204,30.599999999999998,0.30357536435939436,0.3035759336143475
6,2,1000,205,30.75,0.30653465000294033,0.30653523127529625
6,2,1000,206,30.9,0.30954739726524133,0.30954799020238166
6,2,1000,207,31.049999999999997,0.3126120847386301,0.31261268898335903
6,2,1000,208,31.2,0.3157271816638205,0.3157277968545919
6,2,1000,209,31.349999999999998,0.31889114845276956,0.31889177422391385
6,2,1000,210,31.5,0.3221024372118527,0.3221030731938071
6,2,1000,211,31.65,0.3253594922653651,0.32536013808490466
6,2,1000,212,31.799999999999997,0.3286607506793576,0.3286614059598272
6,2,1000,213,31.95,0.3320046427858092,0.33200530714735765
6,2,1000,214,32.1,0.33538959270713065,0.3353902657669452
6,2,1000,215,32.25,0.3388140188809899,0.3388147002535319
6,2,1000,216,32.4,0.3422763345854377,0.34227702388267994
6,2,1000,217,32.55,0.3457749484643106,0.34577564529597454
6,2,1000,218,32.699999999999996,0.34930826505287604,0.34930896902667014
6,2,1000,219,32.85,0.35287468530367894,0.3528753960255375
6,2,1000,220,33.0,0.3564726071125411,0.3564733241868636
6,2,1000,221,33.15,0.36010042584465557,0.3601011488745465
6,2,1000,222,33.3,0.36375653486071197,0.3637572634482205
6,2,1000,223,33.449999999999996,0.3674393260429774,0.3674400597893379
6,2,1000,224,33.6,0.37114719032125376,0.37114792882712533
6,2,1000,225,33.75,0.37487851819861806,0.37487926106432445
6,2,1000,226,33.9,0.37863170027685095,0.37863244710262034
6,2,1000,227,34.05,0.3824051277814433,0.3824058781676475
6,2,1000,228,34.199999999999996,0.38619719308606826,0.3861979466334612
6,2,1000,229,34.35,0.39000629023639377,0.3900070465463501
6,2,1000,230,34.5,0.3938308154731055,0.39383157414785663
6,2,1000,231,34.65,0.397669167754,0.3976699283968716
6,2,1000,232,34.8,0.40151974927500134,0.4015205114906479
6,2,1000,233,34.949999999999996,0.4053809659899449,0.40538172938458394
6,2,1000,234,35.1,0.4092512281289695,0.40925199231061443
6,2,1000,235,35.25,0.41312895071534333,0.41312971529403386
6,2,1000,236,35.4,0.4170125540805512,0.4170133186685836
6,2,1000,237,35.55,0.4209004643774573,0.4209012285896119
6,2,1000,238,35.699999999999996,0.4247911140913547,0.42479187754512165
6,2,1000,239,35.85,0.4286829425487043,0.4286837048645078
6,2,1000,240,36.0,0.432574396423363,0.43257515722478107
6,2,1000,241,36.15,0.4364639302400909,0.43646468915407705
6,2,1000,242,36.3,0.4403500068751284,0.440350763532226
6,2,1000,243,36.449999999999996,0.4442310980536211,0.44423185208817895
6,2,1000,244,36.6,0.4481056848436758,0.44810643589405813
6,2,1000,245,36.75,0.45197225814681546,0.45197300585560984
6,2,1000,246,36.9,0.455829319184609,0.45583006319883246
6,2,1000,247,37.05,0.45967537998123964,0.459676119952539
6,2,1000,248,37.199999999999996,0.46350896384177664,0.4635096994266274
6,2,1000,249,37.35,0.46732860582591323,0.46732933668581456
6,2,1000,250,37.5,0.4711328532169296,0.4711335790185944
6,2,1000,251,37.65,0.4749202659856401,0.4749209864011817
6,2,1000,252,37.8,0.47868941724908204,0.4786901319561983
6,2,1000,253,37.949999999999996,0.4824388937237032,0.48243960240585415
6,2,1000,254,38.1,0.4861672961728043,0.48616799851938697
6,2,1000,255,38.25,0.48987323984799436,0.4898739355545122
6,2,1000,256,38.4,0.49355535492441815,0.49355604369264633
6,2,1000,257,38.55,0.497212286929512,0.49721296846765817
6,2,1000,258,38.699999999999996,0.5008426971650534,0.5008433711879128
6,2,1000,259,38.85,0.5044452631222653,0.504445929351371
6,2,1000,260,39.0,0.5080186788897421,0.5080193370535105
6,2,1000,261,39.15,0.5115616555539674,0.5115623053878378
6,2,1000,262,39.3,0.5150729215921964,0.5150735628387655
6,2,1000,263,39.449999999999996,0.5185512232574802,0.5185518556666313
6,2,1000,264,39.6,0.5219953249556144,0.5219959482846399
6,2,1000,265,39.75,0.5254040096137983,0.525404623627517
6,2,1000,266,39.9,0.5287760790407972,0.5287766835116655
6,2,1000,267,40.05,0.5321103542784056,0.5321109489866233
6,2,1000,268,40.199999999999996,0.5354056759440163,0.5354062606776253
6,2,1000,269,40.35,0.5386609045641062,0.5386614791190831
6,2,1000,270,40.5,0.5418749208984543,0.5418754850787971
6,2,1000,271,40.65,0.545046626254922,0.54504717987273
6,2,1000,272,40.8,0.5481749427946215,0.548175485670169
6,2,1000,273,40.949999999999996,0.5512588138273212,0.5512593457891241
6,2,1000,274,41.1,0.5542972040969294,0.5542977249818051
6,2,1000,275,41.25,0.5572891000569183,0.5572896097100399
6,2,1000,276,41.4,0.5602335101355556,0.5602340084104979
6,2,1000,277,41.55,0.563129464990814,0.5631299517495931
6,2,1000,278,41.699999999999996,0.5659760177548495,0.5659764928679568
6,2,1000,279,41.85,0.5687722442679395,0.568772707614366
6,2,1000,280,42.0,0.5715172433017843,0.5715176947690402
6,2,1000,281,42.15,0.574210136772088,0.5742105762562155
6,2,1000,282,42.3,0.5768500699403428,0.5768504973459192
6,2,1000,283,42.449999999999996,0.5794362116047485,0.5794366268448854
6,2,1000,284,42.6,0.5819677542802135,0.5819681572765475
6,2,1000,285,42.75,0.5844439143673934,0.5844443050500691
6,2,1000,286,42.9,0.5868639323107289,0.5868643106183763
6,2,1000,287,43.05,0.589227072745462,0.5892274386251661
6,2,1000,288,43.199999999999996,0.5915326246336161,0.5915329780408797
6,2,1000,289,43.35,0.5937799013889339,0.5937802422876338
6,2,1000,290,43.5,0.5959682409907857,0.5959685693531209
6,2,1000,291,43.65,0.5980970060870601,0.5980973218934943
6,2,1000,292,43.8,0.600165584086068,0.6001658873252653
6,2,1000,293,43.949999999999996,0.6021733872374982,0.6021736779062516
6,2,1000,294,44.1,0.6041198527024717,0.6041201308056253
6,2,1000,295,44.25,0.6060044426127538,0.6060047081631175
6,2,1000,296,44.4,0.6078266441191912,0.6078268971374508
6,2,1000,297,44.55,0.6095859694294534,0.6095862099440728
6,2,1000,298,44.699999999999996,0.6112819558351653,0.611282183882283
6,2,1000,299,44.85,0.6129141657285248,0.6129143813518445
6,2,1000,300,45.0,0.6144821866085171,0.6144823898591922
6,2,1000,301,45.15,0.6159856310768335,0.6159858220133451
6,2,1000,302,45.3,0.6174241368236216,0.6174243155116519
6,2,1000,303,45.449999999999996,0.6187973666031972,0.6187975331154962
6,2,1000,304,45.6,0.6201050081998566,0.6201051626161047
6,2,1000,305,45.75,0.6213467743839362,0.6213469167905998
6,2,1000,306,45.9,0.6225224028582731,0.6225225333484575
6,2,1000,307,46.05,0.6236316561952298,0.6236317748685245
6,2,1000,308,46.199999999999996,0.6246743217644461,0.6246744287267674
6,2,1000,309,46.35,0.6256502116514978,0.6256503070149264
6,2,1000,310,46.5,0.6265591625676366,0.6265592464502496
6,2,1000,311,46.65,0.6274010357507998,0.6274011082765011
6,2,1000,312,46.8,0.6281757168580786,0.628175778156423
6,2,1000,313,46.949999999999996,0.6288831158498411,0.6288831660558555
6,2,1000,314,47.1,0.6295231668657071,0.6295232061197084
6,2,1000,315,47.25,0.6300958280925792,0.630095856539989
6,2,1000,316,47.4,0.6306010816249378,0.6306010994160935
6,2,1000,317,47.55,0.6310389333176069,0.6310389406075707
6,2,1000,318,47.699999999999996,0.6314094126312034,0.6314094095795681
6,2,1000,319,47.85,0.631712572470488,0.6317125592411801
6,2,1000,320,48.0,0.631948489015826,0.6319484657769081
6,2,1000,321,48.15,0.6321172615479826,0.6321172284714528
6,2,1000,322,48.3,0.632219012266467,0.6322189695280563
6,2,1000,323,48.449999999999996,0.6322538861016449,0.6322538338806144
6,2,1000,324,48.6,0.632222050520836,0.6322219889997726
6,2,1000,325,48.75,0.6321236953286193,0.6321236246932295
6,2,1000,326,48.9,0.6319590324615578,0.6319589529004621
6,2,1000,327,49.05,0.6317282957775627,0.6317282074820887
6,2,1000,328,49.199999999999996,0.6314317408401091,0.6314316440040855
6,2,1000,329,49.35,0.6310696446975192,0.6310695395170685
6,2,1000,330,49.5,0.6306423056575174,0.6306421923308507
6,2,1000,331,49.65,0.6301500430572712,0.6301499217844813
6,2,1000,332,49.8,0.6295931970291152,0.6295930680119728
6,2,1000,333,49.949999999999996,0.628972128262166,0.6289719917039156
6,2,1000,334,50.1,0.6282872177600185,0.6282870738651765
6,2,1000,335,50.25,0.627538866594721,0.627538715568874
6,2,1000,336,50.4,0.6267274956572144,0.6267273377068208
6,2,1000,337,50.55,0.6258535454044207,0.6258533807366132
6,2,1000,338,50.699999999999996,0.6249174756031588,0.6249173044255505
6,2,1000,339,50.85,0.6239197650710618,0.6239195875915532
6,2,1000,340,51.0,0.6228609114146615,0.622860727841251
6,2,1000,341,51.15,0.6217414307648045,0.6217412413054023
6,2,1000,342,51.3,0.6205618575095547,0.620561662371798
6,2,1000,343,51.449999999999996,0.6193227440247315,0.6193225434158054
6,2,1000,344,51.6,0.6180246604022297,0.6180244545286901
6,2,1000,345,51.75,0.6166681941762562,0.6166679832438566
6,2,1000,346,51.9,0.6152539500476133,0.6152537342611362
6,2,1000,347,52.05,0.6137825496061562,0.6137823291692474
6,2,1000,348,52.199999999999996,0.6122546310515371,0.6122544061665456
6,2,1000,349,52.35,0.6106708489123504,0.6106706197801712
6,2,1000,350,52.5,0.609031873763777,0.6090316405837004
6,2,1000,351,52.65,0.6073383919438302,0.6073381549133934
6,2,1000,352,52.8,0.6055911052682872,0.605590864583133
6,2,1000,353,52.949999999999996,0.6037907307443912,0.6037904865981305
6,2,1000,354,53.1,0.6019380002833987,0.6019377528674783
6,2,1000,355,53.25,0.6000336604120402,0.6000334099156159
6,2,1000,356,53.4,0.5980784719829566,0.598078218592772
6,2,1000,357,53.55,0.5960732098841646,0.5960729537844339
6,2,1000,358,53.699999999999996,0.5940186627476022,0.5940184041199013
6,2,1000,359,53.85,0.591915632656792,0.5919153716799521
6,2,1000,360,54.0,0.589764934853662,0.5897646717036709
6,2,1000,361,54.15,0.5875673974445482,0.5875671322944568
6,2,1000,362,54.3,0.585323861105407,0.5853235941252415
6,2,1000,363,54.449999999999996,0.5830351787862513,0.5830349101429315
6,2,1000,364,54.6,0.5807022154148224,0.5807019452720854
6,2,1000,365,54.75,0.5783258475995061,0.5783255761178366
6,2,1000,366,54.9,0.5759069633314907,0.5759066906680561
6,2,1000,367,55.05,0.5734464616861663,0.5734461879947593
6,2,1000,368,55.199999999999996,0.5709452525237546,0.5709449779547406
6,2,1000,369,55.35,0.5684042561891594,0.5684039808894302
6,2,1000,370,55.5,0.5658244032110177,0.5658241273239508
6,2,1000,371,55.65,0.5632066339999335,0.5632063576653583
6,2,1000,372,55.8,0.5605518985458706,0.5605516219000383
6,2,1000,373,55.949999999999996,0.5578611561146751,0.5578608792902371
6,2,1000,374,56.1,0.5551353749437018,0.555135098069692
6,2,1000,375,56.25,0.5523755319365103,0.5523752551383334
6,2,1000,376,56.4,0.5495826123565974,0.5495823357560234
6,2,1000,377,56.55,0.5467576095201307,0.5467573332352946
6,2,1000,378,56.699999999999996,0.5439015244876484,0.5439012486330546
6,2,1000,379,56.85,0.5410153657546832,0.5410150904412165
6,2,1000,380,57.0,0.5381001489412791,0.5380998742762209
6,2,1000,381,57.15,0.535156896480357,0.5351566225674056
6,2,1000,382,57.3,0.5321866373048955,0.5321863642441915
6,2,1000,383,57.449999999999996,0.5291904065338863,0.5291901344220447
6,2,1000,384,57.599999999999994,0.5261692451570322,0.5261689740871771
6,2,1000,385,57.75,0.5231241997181504,0.5231239297799553
6,2,1000,386,57.9,0.5200563219972478,0.5200560532769816
6,2,1000,387,58.05,0.5169666686912413,0.5169664012718159
6,2,1000,388,58.199999999999996,0.5138563010932906,0.5138560350543154
6,2,1000,389,58.349999999999994,0.5107262847707217,0.5107260201885612
6,2,1000,390,58.5,0.5075776892415189,0.5075774261893533
6,2,1000,391,58.65,0.5044115876493649,0.5044113261972563
6,2,1000,392,58.8,0.501229056437217,0.5012287966521783
6,2,1000,393,58.949999999999996,0.49803117501941097,0.4980309169654771
6,2,1000,394,59.099999999999994,0.4948190254522812,0.4948187691905863
6,2,1000,395,59.25,0.4915936921033053,0.49159343769216013
6,2,1000,396,59.4,0.4883562613187711,0.48835600881374597
6,2,1000,397,59.55,0.48510782108997985,0.4851075705439879
6,2,1000,398,59.699999999999996,0.48184946071800144,0.48184921218138677
6,2,1000,399,59.849999999999994,0.4785822704770034,0.4785820239976294
6,2,1000,400,60.0,0.47530734127618185,0.47530709689952355
6,2,1000,401,60.15,0.47202576432033105,0.4720255220895696
6,2,1000,402,60.3,0.4687386307690917,0.46873839072520906
6,2,1000,403,60.449999999999996,0.46544703139492694,0.4654467935768034
6,2,1000,404,60.599999999999994,0.46215205623988254,0.46215182068439636
6,2,1000,405,60.75,0.4588547942711927,0.4588545610133196
6,2,1000,406,60.9,0.4555563330358037,0.4555561021087196
6,2,1000,407,61.05,0.45225775831389115,0.45225752974907374
6,2,1000,408,61.199999999999996,0.44896015377145726,0.4489599275987897
6,2,1000,409,61.349999999999994,0.4456646006121,0.4456643768599755
6,2,1000,410,61.5,0.44237217722805555,0.4423719559234822
6,2,1000,411,61.65,0.4390839588506221,0.43908374001932765
6,2,1000,412,61.8,0.4358010172000799,0.4358008008666171
6,2,1000,413,61.949999999999996,0.4325244201352312,0.4325242063230841
6,2,1000,414,62.099999999999994,0.4292552313026934,0.4292550200343822
6,2,1000,415,62.25,0.4259945097860804,0.42599430108326636
6,2,1000,416,62.4,0.42274330975522123,0.4227431036388132
6,2,1000,417,62.55,0.41950268011556835,0.41950247660582585
6,2,1000,418,62.699999999999996,0.4162736641579562,0.4162734632745941
6,2,1000,419,62.849999999999994,0.413057299208879,0.41305710097117054
6,2,1000,420,63.0,0.4098546162814608,0.4098544207083403
6,2,1000,421,63.15,0.4066666397273012,0.40666644683746556
6,2,1000,422,63.3,0.40349438688938305,0.4034941967013928
6,2,1000,423,63.449999999999996,0.400338867756239,0.40033868028861713
6,2,1000,424,63.599999999999994,0.39720108461757353,0.39720089988890417
6,2,1000,425,63.75,0.3940820317215501,0.3940818497505755
6,2,1000,426,63.9,0.3909826949339541,0.39098251573967047
6,2,1000,427,64.05,0.38790405139944667,0.3879038750011983
6,2,1000,428,64.2,0.38484706920513273,0.38484689562270424
6,2,1000,429,64.35,0.38181270704666953,0.38181253630037865
6,2,1000,430,64.5,0.3788019138971444,0.3788017460079296
6,2,1000,431,64.64999999999999,0.37581562867895657,0.37581546366846685
6,2,1000,432,64.8,0.37285477993894056,0.37285461782962054
6,2,1000,433,64.95,0.36992028552697054,0.3699201263421457
6,2,1000,434,65.1,0.3670130522782886,0.3670128960422483
6,2,1000,435,65.25,0.36413397569980244,0.3641338224378806
6,2,1000,436,65.39999999999999,0.36128393966059735,0.36128378939925226
6,2,1000,437,65.55,0.35846381608691136,0.35846366885380254
6,2,1000,438,65.7,0.3556744646618205,0.35567432048588543
6,2,1000,439,65.85,0.35291673252988437,0.35291659144141246
6,2,1000,440,66.0,0.3501914540069977,0.35019131603770187
6,2,1000,441,66.14999999999999,0.3474994502956975,0.3474993154787856
6,2,1000,442,66.3,0.3448415292061704,0.3448413975764134
6,2,1000,443,66.45,0.34221848488320483,0.34221835647700427
6,2,1000,444,66.6,0.33963109753933046,0.33963097239478424
6,2,1000,445,66.75,0.3370801331943836,0.3370800113513491
6,2,1000,446,66.89999999999999,0.3345663434217348,0.3345662249218921
6,2,1000,447,67.05,0.3320904651014104,0.33209034998832176
6,2,1000,448,67.2,0.3296532201803357,0.329653108499506
6,2,1000,449,67.35,0.32725531543992414,0.32725520723885854
6,2,1000,450,67.5,0.3248974422712273,0.32489733759948636
6,2,1000,451,67.64999999999999,0.32258027645786047,0.32258017536711675
6,2,1000,452,67.8,0.32030447796690714,0.3203043805109979
6,2,1000,453,67.95,0.31807069074800265,0.3180705969829831
6,2,1000,454,68.1,0.3158795425407869,0.3158794525249813
6,2,1000,455,68.25,0.3137316446909111,0.3137315584849628
6,2,1000,456,68.39999999999999,0.31162759197477313,0.31162750964169444
6,2,1000,457,68.55,0.3095679624331491,0.30956788403836905
6,2,1000,458,68.7,0.3075533172138781,0.30755324282529006
6,2,1000,459,68.85,0.3055842004237489,0.30558413011175767
6,2,1000,460,69.0,0.30366113898972735,0.30366107282729404
6,2,1000,461,69.14999999999999,0.3017846425296516,0.30178458059233987
6,2,1000,462,69.3,0.2999552032325136,0.2999551455985331
6,2,1000,463,69.45,0.29817329574843326,0.2981732424986845
6,2,1000,464,69.6,0.29643937708842005,0.29643932830653746
6,2,1000,465,69.75,0.29475388653400597,0.29475384230640095
6,2,1000,466,69.89999999999999,0.2931172455568217,0.29311720597272545
6,2,1000,467,70.05,0.29152985774817564,0.29152982289968127
6,2,1000,468,70.2,0.28999210875868175,0.28999207874078625
6,2,1000,469,70.35,0.2885043662479727,0.2885043411586194
6,2,1000,470,70.5,0.28706697984451834,0.28706695978463737
6,2,1000,471,70.64999999999999,0.28568028111555865,0.2856802661891097
6,2,1000,472,70.8,0.2843445835471469,0.2843445738611594
6,2,1000,473,70.95,0.2830601825342852,0.2830601781989008
6,2,1000,474,71.1,0.2818273553811212,0.2818273565096342
6,2,1000,475,71.25,0.2806463613111613,0.28064636802005993
6,2,1000,476,71.39999999999999,0.27951744148744245,0.27951745389645066
6,2,1000,477,71.55,0.27844081904259144,0.27844083727470953
6,2,1000,478,71.7,0.2774166991186861,0.2774167233002319
6,2,1000,479,71.85,0.2764452689168202,0.27644529917747096
6,2,1000,480,72.0,0.27552669775626065,0.27552673422909324
6,2,1000,481,72.14999999999999,0.27466113714307155,0.2746611799646045
6,2,1000,482,72.3,0.2738487208480675,0.2738487701583015
6,2,1000,483,72.45,0.2730895649939443,0.27308962093640354
6,2,1000,484,72.6,0.2723837681514242,0.2723838308731973
6,2,1000,485,72.75,0.27173141144423807,0.2717314810960185
6,2,1000,486,72.89999999999999,0.2711325586627573,0.27113263539888466
6,2,1000,487,73.05,0.27058725638607234,0.2705873403645717
6,2,1000,488,73.2,0.27009553411230763,0.2700956254949301
6,2,1000,489,73.35,0.2696574043969474,0.26965750334920957
6,2,1000,490,73.5,0.26927286299893705,0.2692729696901599
6,2,1000,491,73.64999999999999,0.2689418890343153,0.2689420036376631
6,2,1000,492,73.8,0.26866444513712007,0.26866456782963744
6,2,1000,493,73.95,0.2684404776273014,0.2684406085899512
6,2,1000,494,74.1,0.2682699166853668,0.2682700561030658
6,2,1000,495,74.25,0.2681526765334743,0.2681528245951284
6,2,1000,496,74.39999999999999,0.2680886556226785,0.26808881252121686
6,2,1000,497,74.55,0.26807773682603053,0.2680779027584387
6,2,1000,498,74.7,0.2681197876372217,0.2681199628045724
6,2,1000,499,74.85,0.26821466037445607,0.26821484498193987
6,2,1000,500,75.0,0.2683621923892293,0.26836238664618217
6,2,1000,501,75.14999999999999,0.2685622062796867,0.2685624103996169
6,2,1000,502,75.3,0.26881451010822716,0.26881472430883935
6,2,1000,503,75.45,0.2691188976230155,0.2691191221262333
6,2,1000,504,75.6,0.2694751484830623,0.2694753835150479
6,2,1000,505,75.75,0.2698830284865258,0.2698832742776973
6,2,1000,506,75.89999999999999,0.2703422898018889,0.27034254658693563
6,2,1000,507,76.05,0.27085267120166256,0.27085293921955655
6,2,1000,508,76.2,0.2714138982982641,0.2714141777922687
6,2,1000,509,76.35,0.2720256837817199,0.27202597499939557
6,2,1000,510,76.5,0.2726877276588407,0.2726880308520475
6,2,1000,511,76.64999999999999,0.2733997174935203,0.27340003291841547
6,2,1000,512,76.8,0.27416132864780784,0.27416165656484115
6,2,1000,513,76.95,0.27497222452340675,0.27497256519731084
6,2,1000,514,77.1,0.2758320568032576,0.275832410503034
6,2,1000,515,77.25,0.27674046569286354,0.27674083269176514
6,2,1000,516,77.39999999999999,0.2776970801610227,0.27769746073653045
6,2,1000,517,77.55,0.2787015181796358,0.2787019126134313
6,2,1000,518,77.7,0.279753386962264,0.27975379554019675
6,2,1000,519,77.85,0.2808522832011175,0.28085270621316677
6,2,1000,520,78.0,0.28199779330216224,0.28199823104239397
6,2,1000,521,78.14999999999999,0.2831894936180402,0.2831899463845575
6,2,1000,522,78.3,0.2844269506785057,0.2844274187733945
6,2,1000,523,78.45,0.2857097214180929,0.28571020514736023
6,2,1000,524,78.6,0.2870373534007316,0.28703785307423846
6,2,1000,525,78.75,0.2884093850410475,0.288409900972436
6,2,1000,526,78.89999999999999,0.28982534582208735,0.28982587832869966
6,2,1000,527,79.05,0.29128475650922275,0.2912853059120143
6,2,1000,528,79.2,0.2927871293599982,0.29278769598344406
6,2,1000,529,79.35,0.29433196832970193,0.29433255250169565
6,2,1000,530,79.5,0.29591876927244937,0.2959193713241943
6,2,1000,531,79.64999999999999,0.29754702013758205,0.2975476404034767
6,2,1000,532,79.8,0.29921620116120246,0.29921683997871645
6,2,1000,533,79.95,0.3009257850526727,0.3009264427622166
6,2,1000,534,80.1,0.30267523717592687,0.30267591412071304
6,2,1000,535,80.25,0.3044640157254551,0.3044647122513521
6,2,1000,536,80.39999999999999,0.3062915718968383,0.3062922883522158
6,2,1000,537,80.55,0.3081573500517233,0.3081580867872902
6,2,1000,538,80.7,0.31006078787714786,0.3100615452457818
6,2,1000,539,80.85,0.3120013165391391,0.3120020948957072
6,2,1000,540,81.0,0.3139783608305245,0.3139791605316973
6,2,1000,541,81.14999999999999,0.3159913393129139,0.3159921607169693
6,2,1000,542,81.3,0.31803966445282433,0.31804050791944516
6,2,1000,543,81.45,0.3201227427519392,0.3201236086419999
6,2,1000,544,81.6,0.3222399748715068,0.32224086354685477
6,2,1000,545,81.75,0.32439075575090537,0.3243916675741322
6,2,1000,546,81.89999999999999,0.32657447472041196,0.3265754100546161
6,2,1000,547,82.05,0.3287905156082349,0.32879147481677773
6,2,1000,548,82.2,0.3310382568418839,0.3310392402881366
6,2,1000,549,82.35,0.3333170715439694,0.33331807959105075
6,2,1000,550,82.5,0.3356263276225375,0.33562736063304666
6,2,1000,551,82.64999999999999,0.3379653878560681,0.33796644619180605
6,2,1000,552,82.8,0.34033360997327233,0.3403346939949582
6,2,1000,553,82.95,0.3427303467278494,0.3427314567948274
6,2,1000,554,83.1,0.34515494596837415,0.34515608243831425
6,2,1000,555,83.25,0.3476067507035018,0.34760791393209267
6,2,1000,556,83.39999999999999,0.3500850991626935,0.35008628950332765
6,2,1000,557,83.55,0.35258932485268135,0.3525905426561351
6,2,1000,558,83.7,0.3551187566099019,0.35512000222400597
6,2,1000,559,83.85,0.35767271864914535,0.3576739924184516
6,2,1000,560,84.0,0.3602505306086791,0.3602518328741202
6,2,1000,561,84.14999999999999,0.3628515075921178,0.36285283869065943
6,2,1000,562,84.3,0.3654749602073221,0.3654763204716123
6,2,1000,563,84.45,0.3681201946026237,0.3681215843606344
6,2,1000,564,84.6,0.3707865125006829,0.37078793207534677
6,2,1000,565,84.75,0.3734732112302951,0.37347466093913917
6,2,1000,566,84.89999999999999,0.376179583756475,0.3761810639112477
6,2,1000,567,85.05,0.37890491870915277,0.3789064296154492
6,2,1000,568,85.2,0.3816485004108296,0.3816500423677106
6,2,1000,569,85.35,0.38440960890354187,0.3844111822031512
6,2,1000,570,85.5,0.38718751997549616,0.38718912490267565
6,2,1000,571,85.64999999999999,0.3899815051877391,0.38998314201963835
6,2,1000,572,85.8,0.39279083190123343,0.392792500906921
6,2,1000,573,85.95,0.39561476330471634,0.39561646474478596
6,2,1000,574,86.1,0.3984525584437183,0.39845429256989573
6,2,1000,575,86.25,0.40130347225112645,0.4013052393058751
6,2,1000,576,86.39999999999999,0.4041667555796742,0.40416855579580035
6,2,1000,577,86.55,0.4070416552367463,0.40704348883700403
6,2,1000,578,86.7,0.4099274140218808,0.4099292812185784
6,2,1000,579,86.85,0.4128232707673575,0.41282517176196326
6,2,1000,580,87.0,0.415728460382253,0.4157303953650051
6,2,1000,581,87.14999999999999,0.4186422139003469,0.4186441830498628
6,2,1000,582,87.3,0.4215637585322556,0.42156576201514584
6,2,1000,583,87.45,0.42449231772216767,0.42449435569265104
6,2,1000,584,87.6,0.42742711120955157,0.4274291838090748
6,2,1000,585,87.75,0.4303673550961964,0.4303694624530592
6,2,1000,586,87.89999999999999,0.4333122619189451,0.4333144041479262
6,2,1000,587,88.05,0.4362610407284646,0.43626321793045697
6,2,1000,588,88.2,0.4392128971743978,0.4392151094360467
6,2,1000,589,88.35,0.4421670335972224,0.44216928099057
6,2,1000,590,88.5,0.44512264912714283,0.44512493170928136
6,2,1000,591,88.64999999999999,0.4480789397903189,0.44808125760304773
6,2,1000,592,88.8,0.4510350986227314,0.45103745169222603
6,2,1000,593,88.95,0.45399031579196925,0.45399270412845305
6,2,1000,594,89.1,0.4569437787272054,0.456946202324635
6,2,1000,595,89.25,0.45989467225762276,0.4598971310933807
6,2,1000,596,89.39999999999999,0.46284217875952727,0.4628446727941228
6,2,1000,597,89.55,0.4657854783123755,0.465788007489159
6,2,1000,598,89.7,0.46872374886392676,0.4687263131088116
6,2,1000,599,89.85,0.4716561664047072,0.4716587656259035
6,2,1000,600,90.0,0.47458190515196513,0.4745845392397271
6,2,1000,601,90.14999999999999,0.47750013774326905,0.4775028065696516
6,2,1000,602,90.3,0.48041003543988653,0.4804127388585163
6,2,1000,603,90.45,0.4833107683400598,0.48331350618591773
6,2,1000,604,90.6,0.4862015056022754,0.48620427769149316
6,2,1000,605,90.75,0.4890814156786035,0.48908422180827504
6,2,1000,606,90.89999999999999,0.49194966655816263,0.4919525065061662
6,2,1000,607,91.05,0.49480542602074157,0.49480829954558037
6,2,1000,608,91.2,0.49764786190059257,0.49765076874124814
6,2,1000,609,91.35,0.5004761423603845,0.5004790822361838
6,2,1000,610,91.5,0.5032894361752817,0.5032924087857837
6,2,1000,611,91.64999999999999,0.5060869130270966,0.5060899180519906
6,2,1000,612,91.8,0.5088677438084338,0.5088707809074562
6,2,1000,613,91.95,0.5116311009367274,0.5116341697495934
6,2,1000,614,92.1,0.5143761586780449,0.5143792588243986
6,2,1000,615,92.25,0.5171020934805124,0.5171052245598919
6,2,1000,616,92.39999999999999,0.5198080843171874,0.5198112459090072
6,2,1000,617,92.55,0.5224933130381876,0.5224965047017394
6,2,1000,618,92.7,0.525156964731856,0.5251601860063255
6,2,1000,619,92.85,0.5277982280947251,0.5278014784992268
6,2,1000,620,93.0,0.5304162958100135,0.5304195748436434
6,2,1000,621,93.14999999999999,0.5330103649343712,0.5330136720762765
6,2,1000,622,93.3,0.5355796372925652,0.5355829720020323
6,2,1000,623,93.45,0.5381233198797739,0.5381266815963345
6,2,1000,624,93.6,0.540640625271139,0.5406440134146925
6,2,1000,625,93.75,0.5431307720382,0.5431341860091561
6,2,1000,626,93.89999999999999,0.5455929851718185,0.5455964243512551
6,2,1000,627,94.05,0.548026496511175,0.548029960261016
6,2,1000,628,94.2,0.5504305451784038,0.5504340328416132
6,2,1000,629,94.35,0.5528043780184124,0.5528078889192056
6,2,1000,630,94.5,0.5551472500434103,0.5551507834874848
6,2,1000,631,94.64999999999999,0.5574584248816553,0.5574619801564371
6,2,1000,632,94.8,0.5597371752299104,0.5597407516048174
6,2,1000,633,94.95,0.5619827833090825,0.5619863800358058
6,2,1000,634,95.1,0.5641945413225018,0.564198157635303
6,2,1000,635,95.25,0.5663717519162866,0.5663753870323115
6,2,1000,636,95.39999999999999,0.5685137286412176,0.5685173817608264
6,2,1000,637,95.55,0.5706197964155393,0.5706234667226532
6,2,1000,638,95.7,0.5726892919880923,0.5726929786505536
6,2,1000,639,95.85,0.5747215644011616,0.5747252665711118
6,2,1000,640,96.0,0.5767159754524258,0.5767196922666962
6,2,1000,641,96.14999999999999,0.5786719001553734,0.5786756307358916
6,2,1000,642,96.3,0.5805887271975507,0.5805924706517605
6,2,1000,643,96.45,0.5824658593959914,0.5824696148172865
6,2,1000,644,96.6,0.5843027141491776,0.5843064806173491
6,2,1000,645,96.75,0.5860987238848718,0.586102500466567
6,2,1000,646,96.89999999999999,0.5878533365031576,0.5878571222523522
6,2,1000,647,97.05,0.5895660158140232,0.5895698097725051
6,2,1000,648,97.2,0.5912362419688174,0.5912400431666814
6,2,1000,649,97.35,0.592863511884911,0.5928673193410637
6,2,1000,650,97.5,0.5944473396628926,0.5944511523855691
6,2,1000,651,97.64999999999999,0.5959872569956313,0.5959910739829198
6,2,1000,652,97.8,0.5974828135685412,0.5974866338089175
6,2,1000,653,97.95,0.5989335774503861,0.5989373999232558
6,2,1000,654,98.1,0.6003391354739664,0.6003429591502152
6,2,1000,655,98.25,0.601699093606039,0.601702917448591
6,2,1000,656,98.39999999999999,0.6030130773058272,0.6030169002702075
6,2,1000,657,98.55,0.6042807318714825,0.6042845529063893
6,2,1000,658,98.7,0.6055017227738789,0.6055055408217563
6,2,1000,659,98.85,0.6066757359771187,0.6066795499747383
6,2,1000,660,99.0,0.6078024782451535,0.6078062871241975
6,2,1000,661,99.14999999999999,0.6088816774339274,0.6088854801215758
6,2,1000,662,99.3,0.6099130827684706,0.6099168781879905
6,2,1000,663,99.45,0.6108964651043791,0.6109002521757171
6,2,1000,664,99.6,0.611831617173147,0.611835394813521
6,2,1000,665,99.75,0.6127183538108142,0.6127221209353074
6,2,1000,666,99.89999999999999,0.6135565121694347,0.6135602676915894
6,2,1000,667,100.05,0.6143459519108708,0.6143496947432812
6,2,1000,668,100.2,0.615086555382452,0.6150902844373533
6,2,1000,669,100.35,0.6157782277740509,0.615781941963911
6,2,1000,670,100.5,0.6164208972561578,0.6164245954942629
6,2,1000,671,100.64999999999999,0.6170145150985555,0.6170181962995929
6,2,1000,672,100.8,0.617559055769219,0.6175627188498554
6,2,1000,673,100.95,0.6180545170130937,0.6180581608925505
6,2,1000,674,101.1,0.6185009199104299,0.6185045435110521
6,2,1000,675,101.25,0.6188983089143804,0.618901911162199
6,2,1000,676,101.39999999999999,0.6192467518675897,0.6192503316928782
6,2,1000,677,101.55,0.61954633999754,0.6195498963353645
6,2,1000,678,101.7,0.6197971878904422,0.6198007196812018
6,2,1000,679,101.85,0.6199994334434903,0.6200029396334515
6,2,1000,680,102.0,0.6201532377953327,0.6201567173371532
6,2,1000,681,102.14999999999999,0.6202587852346358,0.6202622370878799
6,2,1000,682,102.3,0.6203162830866551,0.6203197062182979
6,2,1000,683,102.45,0.6203259615777535,0.6203293549626764
6,2,1000,684,102.6,0.6202880736778456,0.6202914362993202
6,2,1000,685,102.75,0.6202028949207694,0.6202062257709292
6,2,1000,686,102.89999999999999,0.6200707232026286,0.6200740212829307
6,2,1000,687,103.05,0.6198918785581765,0.6198951428798486
6,2,1000,688,103.2,0.6196667029153433,0.6196699324998202
6,2,1000,689,103.35,0.6193955598280461,0.6193987537073918
6,2,1000,690,103.5,0.6190788341874512,0.6190819914047692
6,2,1000,691,103.64999999999999,0.6187169319118906,0.6187200515217182
6,2,1000,692,103.8,0.6183102796156685,0.6183133606843596
6,2,1000,693,103.95,0.6178593242570243,0.6178623658631152
6,2,1000,694,104.1,0.6173645327655533,0.6173675340001169
6,2,1000,695,104.25,0.6168263916494175,0.6168293516164002
6,2,1000,696,104.39999999999999,0.6162454065827087,0.6162483243992531
6,2,1000,697,104.55,0.6156221019733604,0.6156249767701136
6,2,1000,698,104.7,0.6149570205120349,0.6149598514334407
6,2,1000,699,104.85,0.6142507227024405,0.6142535089070155
6,2,1000,700,105.0,0.6135037863735671,0.6135065270341623
6,2,1000,701,105.14999999999999,0.612716806174355,0.6127195004784023
6,2,1000,702,105.3,0.6118903930513441,0.6118930402010846
6,2,1000,703,105.45,0.6110251737098703,0.6110277729225697
6,2,1000,704,105.6,0.6101217900594178,0.6101243405675645
6,2,1000,705,105.75,0.6091808986437452,0.6091833996952329
6,2,1000,706,105.89999999999999,0.6082031700564432,0.6082056209147378
6,2,1000,707,106.05,0.6071892883425988,0.6071916882868912
6,2,1000,708,106.2,0.6061399503872675,0.6061422987126082
6,2,1000,709,106.35,0.6050558652914768,0.6050581613088979
6,2,1000,710,106.5,0.603937753736506,0.6039399967731277
6,2,1000,711,106.64999999999999,0.6027863473372113,0.6027885367363308
6,2,1000,712,106.8,0.6016023879851785,0.6016045231063478
6,2,1000,713,106.95,0.6003866271825116,0.6003887074015994
6,2,1000,714,107.1,0.5991398253670772,0.5991418500763157
6,2,1000,715,107.25,0.5978627512300443,0.5978647198380633
6,2,1000,716,107.39999999999999,0.5965561810265716,0.5965580929584187
6,2,1000,717,107.55,0.5952208978805107,0.5952227525776578
6,2,1000,718,107.7,0.5938576910840034,0.5938594880043413
6,2,1000,719,107.85,0.5924673553928643,0.5924690940106846
6,2,1000,720,108.0,0.591050690318649,0.5910523701246114
6,2,1000,721,108.14999999999999,0.5896084994183151,0.589610119919408
6,2,1000,722,108.3,0.5881415895823945,0.5881431503018794
6,2,1000,723,108.45,0.5866507703225938,0.5866522707999418
6,2,1000,724,108.6,0.5851368530597532,0.5851382928505704
6,2,1000,725,108.75,0.5836006504130866,0.5836020290890296
6,2,1000,726,108.89999999999999,0.5820429754916382,0.5820442926403195
6,2,1000,727,109.05,0.580464641188877,0.5804658964137639
6,2,1000,728,109.2,0.578866459481365,0.5788676524016675
6,2,1000,729,109.35,0.577249240732418,0.5772503709829709
6,2,1000,730,109.5,0.57561379300168,0.5756148602328164
6,2,1000,731,109.64999999999999,0.5739609213615274,0.5739619252389463
6,2,1000,732,109.8,0.5722914272212051,0.5722923674258334
6,2,1000,733,109.95,0.5706061076595976,0.5706069838874462
6,2,1000,734,110.1,0.5689057547675189,0.5689065667295328
6,2,1000,735,110.25,0.5671911550003959,0.5671919024223013
6,2,1000,736,110.39999999999999,0.5654630885422111,0.5654637711643593
6,2,1000,737,110.55,0.5637223286815516,0.5637229462587579
6,2,1000,738,110.7,0.5619696412005941,0.5619701935019752
6,2,1000,739,110.85,0.5602057837778434,0.5602062705866537
6,2,1000,740,111.0,0.5584315054054207,0.5584319265188855
6,2,1000,741,111.14999999999999,0.5566475458216775,0.5566479010508263
6,2,1000,742,111.3,0.5548546349598888,0.5548549241293887
6,2,1000,743,111.45,0.5530534924137633,0.5530537153617533
6,2,1000,744,111.6,0.5512448269204763,0.5512449834984001
6,2,1000,745,111.75,0.5494293358619105,0.5494294259343542
6,2,1000,746,111.89999999999999,0.5476077047847673,0.5476077282292968
6,2,1000,747,112.05,0.5457806069401754,0.5457805636471773
6,2,1000,748,112.2,0.5439487028434066,0.5439485927159327
6,2,1000,749,112.35,0.5421126398542697,0.5421124628078847
6,2,1000,750,112.5,0.5402730517787306,0.5402728077413638
6,2,1000,751,112.64999999999999,0.538430558492272,0.5384302474040747
6,2,1000,752,112.8,0.5365857655854753,0.536585387398683
6,2,1000,753,112.95,0.5347392640322779,0.5347388187110774
6,2,1000,754,113.1,0.5328916298813179,0.5328911174017226
6,2,1000,755,113.25,0.5310434239707553,0.5310428443204845
6,2,1000,756,113.39999999999999,0.5291951916669142,0.5291945448452817
6,2,1000,757,113.55,0.5273474626270598,0.5273467486448686
6,2,1000,758,113.7,0.5255007505865908,0.5254999694660366
6,2,1000,759,113.85,0.5236555531708849,0.5236547049454666
6,2,1000,760,114.0,0.5218123517320034,0.5218114364464431
6,2,1000,761,114.14999999999999,0.519971611210424,0.5199706289205959
6,2,1000,762,114.3,0.5181337800219299,0.5181327307947967
6,2,1000,763,114.45,0.5162992899697486,0.5162981738833092
6,2,1000,764,114.6,0.5144685561819957,0.5144673733252423
6,2,1000,765,114.75,0.5126419770744401,0.5126407275473236
6,2,1000,766,114.89999999999999,0.5108199343385702,0.5108186182519768
6,2,1000,767,115.05,0.5090027929548998,0.5090014104306377
6,2,1000,768,115.19999999999999,0.5071909012314197,0.5071894524022167
6,2,1000,769,115.35,0.5053845908670586,0.5053830758765683
6,2,1000,770,115.5,0.5035841770399796,0.5035825960427995
6,2,1000,771,115.64999999999999,0.5017899585205045,0.5017883116822047
6,2,1000,772,115.8,0.5000022178084165,0.5000005053055784
6,2,1000,773,115.94999999999999,0.4982212212943593,0.4982194433146252
6,2,1000,774,116.1,0.4964472194450117,0.49644537618714424
6,2,1000,775,116.25,0.4946804470116802,0.49467853868563344
6,2,1000,776,116.39999999999999,0.49292112326191984,0.49291915008892
6,2,1000,777,116.55,0.49116945223375735,0.4911674144463935
6,2,1000,778,116.69999999999999,0.48942562301205284,0.4894235208543791
6,2,1000,779,116.85,0.48768981002651157,0.48768764375415685
6,2,1000,780,117.0,0.4859621733708141,0.48595994325110414
6,2,1000,781,117.14999999999999,0.4842428591423102,0.4842405654543981
6,2,1000,782,117.3,0.4825319998016857,0.4825296428366903
6,2,1000,783,117.44999999999999,0.48082971455198326,0.48082729461313917
6,2,1000,784,117.6,0.47913610973632853,0.47913362713914304
6,2,1000,785,117.75,0.47745127925368624,0.47744873432610424
6,2,1000,786,117.89999999999999,0.47577530499193954,0.47577269807451844
6,2,1000,787,118.05,0.4741082572775687,0.47410558872365804
6,2,1000,788,118.19999999999999,0.4724501953411676,0.4724474655170991
6,2,1000,789,118.35,0.47080116779802716,0.4707983770833085
6,2,1000,790,118.5,0.4691612131429795,0.4691583619304961
6,2,1000,791,118.64999999999999,0.46753036025868555,0.4675274489549083
6,2,1000,792,118.8,0.46590862893652163,0.4659056579617184
6,2,1000,793,118.94999999999999,0.46429603040920564,0.4642930001976595
6,2,1000,794,119.1,0.4626925678942881,0.4626894788945184
6,2,1000,795,119.25,0.4610982371476101,0.46109508982259756
6,2,1000,796,119.39999999999999,0.4595130270258244,0.4595098218532399
6,2,1000,797,119.55,0.4579369200570571,0.45793365752949267
6,2,1000,798,119.69999999999999,0.4563698930187785,0.4563665736439796
6,2,1000,799,119.85,0.45481191752193895,0.454808541823039
6,2,1000,800,120.0,0.45326296060042026,0.4532595291161755
6,2,1000,801,120.14999999999999,0.45172298530484273,0.45171949858986715
6,2,1000,802,120.3,0.4501919512997649,0.45018840992476394
6,2,1000,803,120.44999999999999,0.44866981546330575,0.44866622001531026
6,2,1000,804,120.6,0.4471565324882194,0.44715288357081606
6,2,1000,805,120.75,0.4456520554834502,0.4456483537170095
6,2,1000,806,120.89999999999999,0.4441563365751943,0.44415258259709683
6,2,1000,807,121.05,0.44266932750649873,0.4426655219713551
6,2,1000,808,121.19999999999999,0.4411909802344305,0.44118712381429837
6,2,1000,809,121.35,0.43972124752385233,0.43971734090844694
6,2,1000,810,121.5,0.43826008353685153,0.43825612743375125
6,2,1000,811,121.64999999999999,0.43680744441686975,0.43680343955171386
6,2,1000,812,121.8,0.43536328886659764,0.43535923598327636
6,2,1000,813,121.94999999999999,0.4339275787187039,0.4339234785795414
6,2,1000,814,122.1,0.43250027949848296,0.43249613288441136
6,2,1000,815,122.25,0.43108136097751787,0.4310771686882405
6,2,1000,816,122.39999999999999,0.4296707977174695,0.4296665605716153
6,2,1000,817,122.55,0.4282685696031209,0.428264288438387
6,2,1000,818,122.69999999999999,0.4268746623638202,0.4268703380371037
6,2,1000,819,122.85,0.4254890680824884,0.4254847014700054
6,2,1000,820,123.0,0.42411178569137337,0.4241073776887655
6,2,1000,821,123.14999999999999,0.4227428214537572,0.4227383729761844
6,2,1000,822,123.3,0.42138218943084366,0.4213777014130634
6,2,1000,823,123.44999999999999,0.4200299119330762,0.42002538532950817
6,2,1000,824,123.6,0.41868601995516413,0.4186814557399383
6,2,1000,825,123.75,0.41735055359411605,0.4173459527611075
6,2,1000,826,123.89999999999999,0.41602356244961064,0.4160189260124556
6,2,1000,827,124.05,0.4147051060060598,0.414700434998156
6,2,1000,828,124.19999999999999,0.4133952539957484,0.41339054947023923
6,2,1000,829,124.35,0.41209408674246606,0.412089349772204
6,2,1000,830,124.5,0.4108016954850736,0.41079692716256827
6,2,1000,831,124.64999999999999,0.4095181826804809,0.4095133841178282
6,2,1000,832,124.8,0.4082436622855434,0.4082388346143327
6,2,1000,833,124.94999999999999,0.40697826001741644,0.40697340438862273
6,2,1000,834,125.1,0.40572211359194144,0.40571723117579406
6,2,1000,835,125.25,0.4044753729396706,0.4044704649255028
6,2,1000,836,125.39999999999999,0.4032382003991701,0.4032332679952505
6,2,1000,837,125.55,0.4020107708872789,0.40200581532061896
6,2,1000,838,125.69999999999999,0.4007932720460334,0.40078829456217563
6,2,1000,839,125.85,0.39958590436600405,0.39958090622878967
6,2,1000,840,126.0,0.3983888812858259,0.3983838637771403
6,2,1000,841,126.14999999999999,0.39720242926774196,0.39719739368723805
6,2,1000,842,126.3,0.39602678784901135,0.39602173551381364
6,2,1000,843,126.44999999999999,0.3948622096690752,0.39485714191346016
6,2,1000,844,126.6,0.39370896047240517,0.39370387864746054
6,2,1000,845,126.75,0.3925673190869968,0.3925622245602599
6,2,1000,846,126.89999999999999,0.3914375773785094,0.3914324715335828
6,2,1000,847,127.05,0.39032004018008604,0.39031492441623206
6,2,1000,848,127.19999999999999,0.3892150251979226,0.38920990092963675
6,2,1000,849,127.35,0.3881228628926994,0.3881177315492601
6,2,1000,850,127.5,0.38704389633700903,0.3870387593620099
6,2,1000,851,127.64999999999999,0.38597848104896504,0.3859733398998227
6,2,1000,852,127.8,0.3849269848021996,0.38492184094964094
6,2,1000,853,127.94999999999999,0.38388978741249774,0.38388464234002967
6,2,1000,854,128.1,0.38286728050134844,0.3828621357047025
6,2,1000,855,128.25,0.3818598672367257,0.38185472422328515
6,2,1000,856,128.4,0.38086796205144463,0.3808628223396533
6,2,1000,857,128.54999999999998,0.3798919903394721,0.37988685545822004
6,2,1000,858,128.7,0.3789323881305998,0.3789272596185924
6,2,1000,859,128.85,0.37798960174392016,0.37798448114902844
6,2,1000,860,129.0,0.37706408742057335,0.37705897629916535
6,2,1000,861,129.15,0.3761563109362658,0.37615121085251974
6,2,1000,862,129.29999999999998,0.37526674719408426,0.37526165971928804
6,2,1000,863,129.45,0.37439587979816036,0.3743908065099891
6,2,1000,864,129.6,0.3735442006087652,0.3735391430905467
6,2,1000,865,129.75,0.37271220927943843,0.3727071691194008
6,2,1000,866,129.9,0.37190041277678126,0.37189539156728824
6,2,1000,867,130.04999999999998,0.3711093248835655,0.37110432422033435
6,2,1000,868,130.2,0.3703394656858334,0.3703344871671411
6,2,1000,869,130.35,0.3695913610446822,0.3695864062705587
6,2,1000,870,130.5,0.36886554205345057,0.36886061262485975
6,2,1000,871,130.65,0.3681625444810389,0.36815764199904716
6,2,1000,872,130.79999999999998,0.36748290820211577,0.3674780342670502
6,2,1000,873,130.95,0.3668271766149769,0.3668223328255736
6,2,1000,874,131.1,0.36619589604784064,0.3661910840003842
6,2,1000,875,131.25,0.365589615154376,0.36558483644182993
6,2,1000,876,131.4,0.3650088842992708,0.3650041405104007
6,2,1000,877,131.54999999999998,0.36445425493466255,0.3644495476531515
6,2,1000,878,131.7,0.36392627896826013,0.363921609771819
6,2,1000,879,131.85,0.3634255081239975,0.3634208785834697
6,2,1000,880,132.0,0.36295249329606377,0.3629479049745255
6,2,1000,881,132.15,0.362507783897165,0.3625032383490225
6,2,1000,882,132.29999999999998,0.3620919272018728,0.3620874259719566
6,2,1000,883,132.45,0.3617054676859227,0.3617010123085801
6,2,1000,884,132.6,0.3613489463623262,0.36134453836051245
6,2,1000,885,132.75,0.3610229001151594,0.3610185409995296
6,2,1000,886,132.9,0.36072786103189497,0.3607235522998961
6,2,1000,887,133.04999999999998,0.36046435573513824,0.3604600988701039
6,2,1000,888,133.2,0.36023290471463065,0.3602287011848772
6,2,1000,889,133.35,0.36003402166037374,0.36002987291830074
6,2,1000,890,133.5,0.3598682127977268,0.3598641202789212
6,2,1000,891,133.65,0.3597359762253233,0.3597319413476691
6,2,1000,892,133.79999999999998,0.3596378012566424,0.35963382541943617
6,2,1000,893,133.95,0.3595741677660642,0.3595702523491382
6,2,1000,894,134.1,0.35954554554022916,0.35954169190308133
6,2,1000,895,134.25,0.35955239363550606,0.3595486031164396
6,2,1000,896,134.4,0.3595951597423698,0.35959143365764024
6,2,1000,897,134.54999999999998,0.35967427955746445,0.35967061920043947
6,2,1000,898,134.7,0.35979017616412806,0.35978658280445636
6,2,1000,899,134.85,0.35994325942212546,0.35993973430491805
6,2,1000,900,135.0,0.3601339253673319,0.36013046971235696
6,2,1000,901,135.15,0.36036255562208463,0.36035917062297357
6,2,1000,902,135.29999999999998,0.3606295168169062,0.3606262036403764
6,2,1000,903,135.45,0.36093516002428294,0.3609319198093733
6,2,1000,904,135.6,0.3612798202051626,0.3612766540624847
6,2,1000,905,135.75,0.3616638156688149,0.3616607246798216
6,2,1000,906,135.9,0.362087447546678,0.3620844327629482
6,2,1000,907,136.04999999999998,0.36255099928079043,0.3625480617233309
6,2,1000,908,136.2,0.36305473612738864,0.36305187678595463
6,2,1000,909,136.35,0.3635989046762241,0.36359612450865825
6,2,1000,910,136.5,0.3641837323861312,0.36418103231772214
6,2,1000,911,136.65,0.3648094271373548,0.3648068080602149
6,2,1000,912,136.79999999999998,0.36547617680111855,0.3654736395735826
6,2,1000,913,136.95,0.3661841488268922,0.366181694272937
6,2,1000,914,137.1,0.36693348984778906,0.3669311187564742
6,2,1000,915,137.25,0.36772432530450144,0.36772203842943163
6,2,1000,916,137.4,0.36855675908815116,0.36855455714696106
6,2,1000,917,137.54999999999998,0.3694308732024108,0.36942875687627175
6,2,1000,918,137.7,0.37034672744522096,0.37034469737837256
6,2,1000,919,137.85,0.3713043591104035,0.37130241590970653
6,2,1000,920,138.0,0.3723037827094441,0.3723019269439573
6,2,1000,921,138.15,0.3733449897136878,0.3733432219142697
6,2,1000,922,138.29999999999998,0.3744279483171682,0.3744262689761025
6,2,1000,923,138.45,0.3755526032202605,0.3755510127909057
6,2,1000,924,138.6,0.3767188754343213,0.376717374330785
6,2,1000,925,138.75,0.37792666210745474,0.3779252507042924
6,2,1000,926,138.9,0.3791758363715123,0.37917451500345223
6,2,1000,927,139.04999999999998,0.3804662472104112,0.38046501617210277
6,2,1000,928,139.2,0.38179771934982903,0.3817965788956177
6,2,1000,929,139.35,0.383170053168302,0.3831690035120281
6,2,1000,930,139.5,0.38458302462973426,0.38458206594455824
6,2,1000,931,139.65,0.38603638523729633,0.38603551765554833
6,2,1000,932,139.79999999999998,0.38752986200866446,0.38752908562171956
6,2,1000,933,139.95,0.3890631574725318,0.3890624723307104
6,2,1000,934,140.1,0.39063594968629256,0.39063535579878617
6,2,1000,935,140.25,0.39224789227478213,0.3922473896096036
6,2,1000,936,140.4,0.39389861448992647,0.3938982029738854
6,2,1000,937,140.54999999999998,0.3955877212911359,0.39558740080983823
6,2,1000,938,140.7,0.39731479344625364,0.39731456384412767
6,2,1000,939,140.85,0.39907938765284684,0.3990792487331917
6,2,1000,940,141.0,0.40088103667960945,0.40088098820466844
6,2,1000,941,141.15,0.4027192495276224,0.40271929121868
6,2,1000,942,141.29999999999998,0.4045935116111977,0.4045936431487014
6,2,1000,943,141.45,0.4065032849580159,0.40650350598172036
6,2,1000,944,141.6,0.4084480084282426,0.4084483185373771
6,2,1000,945,141.75,0.41042709795229865,0.41042749670575707
6,2,1000,946,141.9,0.41243994678693346,0.41244043370348826
6,2,1000,947,142.04999999999998,0.41448592578924326,0.4144865003477792
6,2,1000,948,142.2,0.416564383708252,0.4165650453480245
6,2,1000,949,142.35,0.41867464749366423,0.4186753956145762
6,2,1000,950,142.5,0.42081602262138096,0.4208168565842828
6,2,1000,951,142.65,0.4229877934353589,0.4229887125623679
6,2,1000,952,142.79999999999998,0.42518922350537935,0.4251902270802193
6,2,1000,953,142.95,0.4274195560002814,0.4274206432686435
6,2,1000,954,143.1,0.42967801407620493,0.42967918424612556
6,2,1000,955,143.25,0.43196380127937684,0.43196505352163556
6,2,1000,956,143.4,0.43427610196296473,0.434277435411501
6,2,1000,957,143.54999999999998,0.4366140817175168,0.43661549546986245
6,2,1000,958,143.7,0.438976887814495,0.4389783809322282
6,2,1000,959,143.85,0.441363649662404,0.4413652211716153
6,2,1000,960,144.0,0.4437734792750134,0.44377512816679165
6,2,1000,961,144.15,0.44620547175116376,0.446207196982096
6,2,1000,962,144.29999999999998,0.44865870576564226,0.44866050625832987
6,2,1000,963,144.45,0.4511322440706136,0.4511341187142046
6,2,1000,964,144.6,0.4536251340070842,0.4536270816578172
6,2,1000,965,144.75,0.4561364080258806,0.4561384275076442
6,2,1000,966,144.9,0.4586650842176177,0.45866717432252385
6,2,1000,967,145.04999999999998,0.46121016685113425,0.4612123263401023
6,2,1000,968,145.2,0.4637706469198735,0.4637728745232305
6,2,1000,969,145.35,0.4663455026956861,0.4663477971137745
6,2,1000,970,145.5,0.46893370028953496,0.468936060193334
6,2,1000,971,145.65,0.4715341942185852,0.4715366182503433
6,2,1000,972,145.79999999999998,0.47414592797916366,0.47414841475303965
6,2,1000,973,145.95,0.4767678346250761,0.4767703827277936
6,2,1000,974,146.1,0.47939883735077626,0.4794014453422826
6,2,1000,975,146.25,0.4820378500788841,0.4820405164930217
6,2,1000,976,146.4,0.4846837780515553,0.4846865013967403
6,2,1000,977,146.54999999999998,0.48733551842521405,0.4873382971851223
6,2,1000,978,146.7,0.4899919608681613,0.4899947935024245
6,2,1000,979,146.85,0.4926519881605843,0.4926548731054892
6,2,1000,980,147.0,0.4953144767964962,0.49531741246569305
6,2,1000,981,147.15,0.4979782975871426,0.4979812823723589
6,2,1000,982,147.29999999999998,0.5006423162654243,0.5006453485371837
6,2,1000,983,147.45,0.5033053940908894,0.5033084721992381
6,2,1000,984,147.6,0.5059663884548589,0.5059695107300948
6,2,1000,985,147.75,0.5086241534852614,0.5086273182386674
6,2,1000,986,147.9,0.5112775406507579,0.5112807461753418
6,2,1000,987,148.04999999999998,0.513925399363753,0.5139286439349883
6,2,1000,988,148.2,0.5165665775818942,0.5165698594584669
6,2,1000,989,148.35,0.5191999224076739,0.5192032398322298
6,2,1000,990,148.5,0.5218242806857619,0.5218276318856591
6,2,1000,991,148.65,0.5244384995977014,0.5244418827857624
6,2,1000,992,148.79999999999998,0.527041427253617,0.5270448406288857
6,2,1000,993,148.95,0.5296319132805949,0.5296353550290938
6,2,1000,994,149.1,0.5322088094074017,0.5322122777028903
6,2,1000,995,149.25,0.5347709700452268,0.5347744630499616
6,2,1000,996,149.4,0.5373172528641383,0.5373207687296343
6,2,1000,997,149.54999999999998,0.5398465193649591,0.5398500562327503
6,2,1000,998,149.7,0.5423576354462755,0.5423611914486788
6,2,1000,999,149.85,0.5448494719663108,0.5448530452271869
6,2,1000,1000,150.0,0.547320905299397,0.5473244939349122
