matter_sites,realisation,setting,time_ms,occupation_hw,occupation_theory,leakage,violation,J_hz,U_hz,delta_hz,Delta_hz
6,number-sector,free knobs,0.0,1.0000000000000056,0.9999999999999992,-5.773159728050814e-15,5.247296039954018e-30,71.33972850674688,3999.9999999999995,1999.9999999999998,170.29386365926345
6,number-sector,free knobs,0.5,0.9985771167240985,0.9991357701646675,0.0034822121669474404,0.0006965411990163262,71.33972850674688,3999.9999999999995,1999.9999999999998,170.29386365926345
6,number-sector,free knobs,1.0,0.9944752298596133,0.9965477394510299,0.012809107493007121,0.0025712903714963805,71.33972850674688,3999.9999999999995,1999.9999999999998,170.29386365926345
6,number-sector,free knobs,1.5,0.9881486270983988,0.9922498482235999,0.02506473695388023,0.0050553847686407635,71.33972850674688,3999.9999999999995,1999.9999999999998,170.29386365926345
6,number-sector,free knobs,2.0,0.9802159008744336,0.9862652107832282,0.03661741801244556,0.007419348826020656,71.33972850674688,3999.9999999999995,1999.9999999999998,170.29386365926345
6,number-sector,free knobs,2.5,0.9712953860140344,0.9786259373076222,0.04430975394262193,0.009006248888434343,71.33972850674688,3999.9999999999995,1999.9999999999998,170.29386365926345
6,number-sector,free knobs,3.0,0.9618422586298457,0.9693728873477494,0.04633198559364171,0.009425939691225318,71.33972850674688,3999.9999999999995,1999.9999999999998,170.29386365926345
6,number-sector,free knobs,3.5,0.9520308535759056,0.9585553576102762,0.042601150533867704,0.008654664434018487,71.33972850674688,3999.9999999999995,1999.9999999999998,170.29386365926345
6,number-sector,free knobs,4.0,0.9417183993994064,0.946230707466518,0.034641974131632836,0.007015511802434785,71.33972850674688,3999.9999999999995,1999.9999999999998,170.29386365926345
6,number-sector,free knobs,4.5,0.9305023922201782,0.9324639262880419,0.02504905581052541,0.005053375973068128,71.33972850674688,3999.9999999999995,1999.9999999999998,170.29386365926345
6,number-sector,free knobs,5.0,0.917851762125005,0.9173271473087627,0.016667712414691227,0.00335128800731318,71.33972850674688,3999.9999999999995,1999.9999999999998,170.29386365926345
6,number-sector,free knobs,5.5,0.9032722831077471,0.9008991132447043,0.011700555620420272,0.002347813472544498,71.33972850674688,3999.9999999999995,1999.9999999999998,170.29386365926345
6,number-sector,free knobs,6.0,0.886462941940482,0.8832645993583949,0.011024511025246153,0.0022112373891349543,71.33972850674688,3999.9999999999995,1999.9999999999998,170.29386365926345
6,number-sector,free knobs,6.5,0.8674222638932467,0.8645138000293756,0.01400699619596868,0.0028126322014243002,71.33972850674688,3999.9999999999995,1999.9999999999998,170.29386365926345
6,number-sector,free knobs,7.0,0.8464722359793317,0.8447416851809427,0.01892726267628575,0.0038088244476929918,71.33972850674688,3999.9999999999995,1999.9999999999998,170.29386365926345
6,number-sector,free knobs,7.5,0.8241899084941879,0.8240473331132137,0.02379245112532924,0.004798964230940253,71.33972850674688,3999.9999999999995,1999.9999999999998,170.29386365926345
6,number-sector,free knobs,8.0,0.8012675632325729,0.8025332464022952,0.027138489265903343,0.005483592110943282,71.33972850674688,3999.9999999999995,1999.9999999999998,170.29386365926345
6,number-sector,free knobs,8.5,0.778344434848836,0.7803046575449177,0.028476345904946188,0.005759256984899467,71.33972850674688,3999.9999999999995,1999.9999999999998,170.29386365926345
6,number-sector,free knobs,9.0,0.7558576123341318,0.7574688309588552,0.028270816167651813,0.005718673936167818,71.33972850674688,3999.9999999999995,1999.9999999999998,170.29386365926345
6,number-sector,free knobs,9.5,0.7339519947259514,0.7341343677948297,0.027543696866563883,0.00557017991305522,71.33972850674688,3999.9999999999995,1999.9999999999998,170.29386365926345
6,number-sector,free knobs,10.0,0.712473540894871,0.7104105197797499,0.027309733993081453,0.0055206628919194185,71.33972850674688,3999.9999999999995,1999.9999999999998,170.29386365926345
6,number-sector,free knobs,10.5,0.6910466354635951,0.6864065179997524,0.028081316366410647,0.005674070054234996,71.33972850674688,3999.9999999999995,1999.9999999999998,170.29386365926345
6,number-sector,free knobs,11.0,0.6692115844843902,0.6622309221513473,0.029626267109785,0.005983678735701894,71.33972850674688,3999.9999999999995,1999.9999999999998,170.29386365926345
6,number-sector,free knobs,11.5,0.646582534136242,0.6379909953478906,0.03106093460734305,0.006271823860810219,71.33972850674688,3999.9999999999995,1999.9999999999998,170.29386365926345
6,number-sector,free knobs,12.0,0.6229823763729732,0.6137921090752602,0.03124168390065618,0.0063078556806982315,71.33972850674688,3999.9999999999995,1999.9999999999998,170.29386365926345
6,number-sector,free knobs,12.5,0.5985167618606875,0.5897371823542963,0.029306927967577723,0.0059165485980179275,71.33972850674688,3999.9999999999995,1999.9999999999998,170.29386365926345
6,number-sector,free knobs,13.0,0.5735643628611939,0.5659261585981956,0.025153844292627126,0.005075708157998922,71.33972850674688,3999.9999999999995,1999.9999999999998,170.29386365926345
6,number-sector,free knobs,13.5,0.5486858705876142,0.5424555230606434,0.019644834137509948,0.003960033100229864,71.33972850674688,3999.9999999999995,1999.9999999999998,170.29386365926345
6,number-sector,free knobs,14.0,0.5244823525524086,0.5194178631653492,0.014427723726622044,0.002904307763374619,71.33972850674688,3999.9999999999995,1999.9999999999998,170.29386365926345
6,number-sector,free knobs,14.5,0.50144946071002,0.49690147339989627,0.011390866506966413,0.0022906243556075167,71.33972850674688,3999.9999999999995,1999.9999999999998,170.29386365926345
6,number-sector,free knobs,15.0,0.47986988102916767,0.47499000585632456,0.011932973678460801,0.002400555674452991,71.33972850674688,3999.9999999999995,1999.9999999999998,170.29386365926345
6,number-sector,free knobs,15.5,0.45976982193910315,0.45376216691704946,0.016350763818511305,0.0032946584045437256,71.33972850674688,3999.9999999999995,1999.9999999999998,170.29386365926345
6,number-sector,free knobs,16.0,0.4409466646708099,0.4332914600263544,0.02363100182868627,0.004771803169259729,71.33972850674688,3999.9999999999995,1999.9999999999998,170.29386365926345
6,number-sector,free knobs,16.5,0.42305701131982165,0.4136459739628326,0.0317454983721589,0.006424453481550605,71.33972850674688,3999.9999999999995,1999.9999999999998,170.29386365926345
6,number-sector,free knobs,17.0,0.40573835028372246,0.394888215543906,0.0383134116874454,0.007767130974189805,71.33972850674688,3999.9999999999995,1999.9999999999998,170.29386365926345
6,number-sector,free knobs,17.5,0.3887282697326732,0.3770749852560275,0.041365704708531514,0.008392173653211609,71.33972850674688,3999.9999999999995,1999.9999999999998,170.29386365926345
6,number-sector,free knobs,18.0,0.37194683151778846,0.36025729391841055,0.03995417052806538,0.008101185277752287,71.33972850674688,3999.9999999999995,1999.9999999999998,170.29386365926345
6,number-sector,free knobs,18.5,0.3555196519485867,0.3444803181579542,0.034437113350640924,0.0069697961979137265,71.33972850674688,3999.9999999999995,1999.9999999999998,170.29386365926345
6,number-sector,free knobs,19.0,0.3397375525371342,0.32978339220111264,0.026382625425159567,0.005325862273799796,71.33972850674688,3999.9999999999995,1999.9999999999998,170.29386365926345
6,number-sector,free knobs,19.5,0.3249688375922455,0.31620003327620305,0.018118255663053806,0.0036486762007250447,71.33972850674688,3999.9999999999995,1999.9999999999998,170.29386365926345
6,number-sector,free knobs,20.0,0.31155558621631135,0.30375799776730555,0.012027879200875669,0.0024193090313783163,71.33972850674688,3999.9999999999995,1999.9999999999998,170.29386365926345
6,number-sector,free knobs,20.5,0.2997280192157338,0.29247936516750866,0.009786242317771032,0.001968379078001708,71.33972850674688,3999.9999999999995,1999.9999999999998,170.29386365926345
6,number-sector,free knobs,21.0,0.28956024902466393,0.28238064684275643,0.011806261933865358,0.002374342045506729,71.33972850674688,3999.9999999999995,1999.9999999999998,170.29386365926345
6,number-sector,free knobs,21.5,0.2809745100325252,0.27347291663486306,0.017146247929883618,0.0034509685375173913,71.33972850674688,3999.9999999999995,1999.9999999999998,170.29386365926345
6,number-sector,free knobs,22.0,0.2737866019832458,0.2657619603993462,0.02392542636546291,0.0048261373913234575,71.33972850674688,3999.9999999999995,1999.9999999999998,170.29386365926345
6,number-sector,free knobs,22.5,0.2677748201144511,0.2592484416857774,0.030044939667437598,0.006076929976653527,71.33972850674688,3999.9999999999995,1999.9999999999998,170.29386365926345
6,number-sector,free knobs,23.0,0.26274928506232587,0.2539280809198067,0.03389305544990551,0.006868952188028043,71.33972850674688,3999.9999999999995,1999.9999999999998,170.29386365926345
6,number-sector,free knobs,23.5,0.2586002426632642,0.24979184563085188,0.03477866358563497,0.007052022430719271,71.33972850674688,3999.9999999999995,1999.9999999999998,170.29386365926345
6,number-sector,free knobs,24.0,0.2553125825183774,0.24682614948117199,0.03299726766887123,0.006683416586242894,71.33972850674688,3999.9999999999995,1999.9999999999998,170.29386365926345
6,number-sector,free knobs,24.5,0.2529464654613878,0.24501305808398288,0.029582512799857352,0.0059788661572952,71.33972850674688,3999.9999999999995,1999.9999999999998,170.29386365926345
6,number-sector,free knobs,25.0,0.25159559489254346,0.24433049984362507,0.025875380337756382,0.0052183780299625455,71.33972850674688,3999.9999999999995,1999.9999999999998,170.29386365926345
6,number-sector,free knobs,25.5,0.2513409765127258,0.24475248030284952,0.02305409828671645,0.004644143223434738,71.33972850674688,3999.9999999999995,1999.9999999999998,170.29386365926345
6,number-sector,free knobs,26.0,0.25221730169730283,0.24624929873452417,0.021756085148279425,0.004382797079834201,71.33972850674688,3999.9999999999995,1999.9999999999998,170.29386365926345
6,number-sector,free knobs,26.5,0.2542024707178741,0.24878776596132873,0.021911924544824046,0.00441558688350854,71.33972850674688,3999.9999999999995,1999.9999999999998,170.29386365926345
6,number-sector,free knobs,27.0,0.25723121406394195,0.25233142262160857,0.022863618663294227,0.004607128006949589,71.33972850674688,3999.9999999999995,1999.9999999999998,170.29386365926345
6,number-sector,free knobs,27.5,0.26122458953530664,0.2568407573173841,0.02372740246859717,0.004780576943437213,71.33972850674688,3999.9999999999995,1999.9999999999998,170.29386365926345
6,number-sector,free knobs,28.0,0.2661212205338434,0.26227342427714845,0.023839450485631852,0.004804851510796889,71.33972850674688,3999.9999999999995,1999.9999999999998,170.29386365926345
6,number-sector,free knobs,28.5,0.2718959576883704,0.2685844603378456,0.023077989956434064,0.004655396269529179,71.33972850674688,3999.9999999999995,1999.9999999999998,170.29386365926345
6,number-sector,free knobs,29.0,0.2785574191369888,0.2757265011944546,0.02191471170915482,0.004424088204612058,71.33972850674688,3999.9999999999995,1999.9999999999998,170.29386365926345
6,number-sector,free knobs,29.5,0.28612481312119303,0.28364999697988846,0.021175583418201027,0.004274805785176245,71.33972850674688,3999.9999999999995,1999.9999999999998,170.29386365926345
6,number-sector,free knobs,30.0,0.294593385949162,0.2923034273213151,0.02162854293324945,0.004363340567958089,71.33972850674688,3999.9999999999995,1999.9999999999998,170.29386365926345
6,number-sector,free knobs,30.5,0.3039037120787686,0.3016335160712138,0.02359516487182467,0.004758003145091483,71.33972850674688,3999.9999999999995,1999.9999999999998,170.29386365926345
6,number-sector,free knobs,31.0,0.3139293480495412,0.3115854459330597,0.026757531250427347,0.005397567897549581,71.33972850674688,3999.9999999999995,1999.9999999999998,170.29386365926345
6,number-sector,free knobs,31.5,0.3244899240524564,0.32210307319380677,0.03022666404172314,0.006102993250834514,71.33972850674688,3999.9999999999995,1999.9999999999998,170.29386365926345
6,number-sector,free knobs,32.0,0.33538708681298257,0.3331291427403787,0.032831988305687565,0.0066352154124461335,71.33972850674688,3999.9999999999995,1999.9999999999998,170.29386365926345
6,number-sector,free knobs,32.5,0.3464527844605441,0.3446055034779199,0.03352645046626612,0.006778188126000381,71.33972850674688,3999.9999999999995,1999.9999999999998,170.29386365926345
6,number-sector,free knobs,33.0,0.35759422800879226,0.35647332418686334,0.03177509297067538,0.0064210992787281694,71.33972850674688,3999.9999999999995,1999.9999999999998,170.29386365926345
6,number-sector,free knobs,33.5,0.36881892253296544,0.3686733097576987,0.027799369008757346,0.005610889178371132,71.33972850674688,3999.9999999999995,1999.9999999999998,170.29386365926345
6,number-sector,free knobs,34.0,0.3802285097650908,0.3811459176307743,0.02258576915714372,0.004552063177480915,71.33972850674688,3999.9999999999995,1999.9999999999998,170.29386365926345
6,number-sector,free knobs,34.5,0.39198046726888935,0.39383157414785624,0.01762966803658228,0.003549471045441008,71.33972850674688,3999.9999999999995,1999.9999999999998,170.29386365926345
6,number-sector,free knobs,35.0,0.40422724987370523,0.40667089039696613,0.01446850406057254,0.0029117825883492594,71.33972850674688,3999.9999999999995,1999.9999999999998,170.29386365926345
6,number-sector,free knobs,35.5,0.41705023725658336,0.4196048770066657,0.014151418513249414,0.0028478785871108047,71.33972850674688,3999.9999999999995,1999.9999999999998,170.29386365926345
6,number-sector,free knobs,36.0,0.4304098763288985,0.4325751572247807,0.0168509819158128,0.003392683174672909,71.33972850674688,3999.9999999999995,1999.9999999999998,170.29386365926345
6,number-sector,free knobs,36.5,0.444130514433729,0.4455241775036802,0.021786732190032576,0.004391657234897789,71.33972850674688,3999.9999999999995,1999.9999999999998,170.29386365926345
6,number-sector,free knobs,37.0,0.4579270440158334,0.4583954147134099,0.027495648986033183,0.005551790136103823,71.33972850674688,3999.9999999999995,1999.9999999999998,170.29386365926345
6,number-sector,free knobs,37.5,0.4714665779935215,0.47113357901859365,0.032329521594220645,0.0065387162083948075,71.33972850674688,3999.9999999999995,1999.9999999999998,170.29386365926345
6,number-sector,free knobs,38.0,0.4844484758965414,0.4836848113879251,0.034976672112270735,0.007081919838260281,71.33972850674688,3999.9999999999995,1999.9999999999998,170.29386365926345
6,number-sector,free knobs,38.5,0.4966800987153989,0.4959968746585613,0.03482839902055124,0.007052621368858994,71.33972850674688,3999.9999999999995,1999.9999999999998,170.29386365926345
6,number-sector,free knobs,39.0,0.5081241260157245,0.5080193370535098,0.03210201574003424,0.006494058645642798,71.33972850674688,3999.9999999999995,1999.9999999999998,170.29386365926345
6,number-sector,free knobs,39.5,0.5189007743454723,0.5197037470492026,0.027724264020342226,0.005599275178528958,71.33972850674688,3999.9999999999995,1999.9999999999998,170.29386365926345
6,number-sector,free knobs,40.0,0.5292438735540759,0.5310037985132701,0.0230284878027317,0.004644629321204724,71.33972850674688,3999.9999999999995,1999.9999999999998,170.29386365926345
6,number-sector,free knobs,40.5,0.5394241619501937,0.5418754850787963,0.019343047855717943,0.0039000560405567128,71.33972850674688,3999.9999999999995,1999.9999999999998,170.29386365926345
6,number-sector,free knobs,41.0,0.5496606655073427,0.5522772427901612,0.017581220931897956,0.0035458374073096687,71.33972850674688,3999.9999999999995,1999.9999999999998,170.29386365926345
6,number-sector,free knobs,41.5,0.5600443258386141,0.5621700801454215,0.017970690585505267,0.0036237827787778125,71.33972850674688,3999.9999999999995,1999.9999999999998,170.29386365926345
6,number-sector,free knobs,42.0,0.5704973238234434,0.5715176947690395,0.020034715289440452,0.004038238998208276,71.33972850674688,3999.9999999999995,1999.9999999999998,170.29386365926345
6,number-sector,free knobs,42.5,0.5807817339917521,0.5802865760740232,0.022839987415005147,0.004604859293680832,71.33972850674688,3999.9999999999995,1999.9999999999998,170.29386365926345
6,number-sector,free knobs,43.0,0.5905546946286617,0.5884460934113079,0.025401796438901725,0.005127334368596693,71.33972850674688,3999.9999999999995,1999.9999999999998,170.29386365926345
6,number-sector,free knobs,43.5,0.5994544183896124,0.5959685693531198,0.027058738661036696,0.005469757251968472,71.33972850674688,3999.9999999999995,1999.9999999999998,170.29386365926345
6,number-sector,free knobs,44.0,0.6071945945385127,0.6028293379126415,0.02765089098370599,0.005594200525276827,71.33972850674688,3999.9999999999995,1999.9999999999998,170.29386365926345
6,number-sector,free knobs,44.5,0.6136402629160473,0.6090067876608485,0.02745303983302594,0.005552461608314267,71.33972850674688,3999.9999999999995,1999.9999999999998,170.29386365926345
6,number-sector,free knobs,45.0,0.6188403604550204,0.6144823898591909,0.02694903940794746,0.005444448547138024,71.33972850674688,3999.9999999999995,1999.9999999999998,170.29386365926345
6,number-sector,free knobs,45.5,0.6230067361653698,0.6192407118802095,0.02658367215175994,0.005366191534673078,71.33972850674688,3999.9999999999995,1999.9999999999998,170.29386365926345
6,number-sector,free knobs,46.0,0.6264486460946027,0.6232694163336815,0.026581743823861248,0.005367007535837069,71.33972850674688,3999.9999999999995,1999.9999999999998,170.29386365926345
6,number-sector,free knobs,46.5,0.6294828804064222,0.6265592464502484,0.026865543838414552,0.0054289011765744685,71.33972850674688,3999.9999999999995,1999.9999999999998,170.29386365926345
6,number-sector,free knobs,47.0,0.632342719836291,0.6291039983947269,0.02708612675685973,0.005475620749576619,71.33972850674688,3999.9999999999995,1999.9999999999998,170.29386365926345
6,number-sector,free knobs,47.5,0.635110051618855,0.630900481284945,0.026775118147578048,0.005409411424507566,71.33972850674688,3999.9999999999995,1999.9999999999998,170.29386365926345
6,number-sector,free knobs,48.0,0.6376911476360608,0.6319484657769069,0.025582058680269415,0.005161782907902495,71.33972850674688,3999.9999999999995,1999.9999999999998,170.29386365926345
6,number-sector,free knobs,48.5,0.6398429520924205,0.6322506221418196,0.023508173181731373,0.004737960712463534,71.33972850674688,3999.9999999999995,1999.9999999999998,170.29386365926345
6,number-sector,free knobs,49.0,0.6412406438480969,0.6318124488040344,0.021021207938200726,0.004235179251861451,71.33972850674688,3999.9999999999995,1999.9999999999998,170.29386365926345
6,number-sector,free knobs,49.5,0.6415680287474388,0.6306421923308493,0.01896053925543939,0.003821252505262042,71.33972850674688,3999.9999999999995,1999.9999999999998,170.29386365926345
6,number-sector,free knobs,50.0,0.6406074797007753,0.6287507598655425,0.018229844074728718,0.0036748316378212493,71.33972850674688,3999.9999999999995,1999.9999999999998,170.29386365926345
6,number-sector,free knobs,50.5,0.6383031470504774,0.6261516249747111,0.019401813911700927,0.003910233726206235,71.33972850674688,3999.9999999999995,1999.9999999999998,170.29386365926345
6,number-sector,free knobs,51.0,0.6347772703116971,0.6228607278412497,0.02243222852691895,0.00452172653461538,71.33972850674688,3999.9999999999995,1999.9999999999998,170.29386365926345
6,number-sector,free knobs,51.5,0.6302964202748085,0.6188963706769252,0.026620882794629486,0.00537228493511833,71.33972850674688,3999.9999999999995,1999.9999999999998,170.29386365926345
6,number-sector,free knobs,52.0,0.625200554742338,0.6142791091557316,0.03081661189205176,0.0062295112846920886,71.33972850674688,3999.9999999999995,1999.9999999999998,170.29386365926345
6,number-sector,free knobs,52.5,0.6198145692273481,0.6090316405836989,0.033766002567302,0.006834556486849199,71.33972850674688,3999.9999999999995,1999.9999999999998,170.29386365926345
6,number-sector,free knobs,53.0,0.6143642992022419,0.6031786894255307,0.03449007595370457,0.006982751619842455,71.33972850674688,3999.9999999999995,1999.9999999999998,170.29386365926345
6,number-sector,free knobs,53.5,0.6089200609073,0.5967468907065913,0.03259189403077789,0.006592023178554945,71.33972850674688,3999.9999999999995,1999.9999999999998,170.29386365926345
6,number-sector,free knobs,54.0,0.6033848516753014,0.5897646717036694,0.02841790987579018,0.005737364348820863,71.33972850674688,3999.9999999999995,1999.9999999999998,170.29386365926345
6,number-sector,free knobs,54.5,0.5975297251466039,0.5822621322330495,0.023021239287774997,0.004639098687406168,71.33972850674688,3999.9999999999995,1999.9999999999998,170.29386365926345
6,number-sector,free knobs,55.0,0.5910649013903606,0.5742709237430886,0.01790879104996357,0.00360525926390375,71.33972850674688,3999.9999999999995,1999.9999999999998,170.29386365926345
6,number-sector,free knobs,55.5,0.5837276722008251,0.5658241273239493,0.014604544885970738,0.0029406293517112237,71.33972850674688,3999.9999999999995,1999.9999999999998,170.29386365926345
6,number-sector,free knobs,56.0,0.5753639359584618,0.5569561306624335,0.01414398448452081,0.002848588247820618,71.33972850674688,3999.9999999999995,1999.9999999999998,170.29386365926345
6,number-sector,free knobs,56.5,0.5659796708148567,0.5477025038976829,0.01669573267175606,0.0033617494704108247,71.33972850674688,3999.9999999999995,1999.9999999999998,170.29386365926345
6,number-sector,free knobs,57.0,0.5557471748343259,0.5380998742762195,0.021492350175724817,0.004330281570964447,71.33972850674688,3999.9999999999995,1999.9999999999998,170.29386365926345
6,number-sector,free knobs,57.5,0.5449659560236919,0.5281857994642863,0.02710685617182662,0.005471802838094837,71.33972850674688,3999.9999999999995,1999.9999999999998,170.29386365926345
6,number-sector,free knobs,58.0,0.5339903880483823,0.517998639353106,0.03193763875229727,0.006461383996321393,71.33972850674688,3999.9999999999995,1999.9999999999998,170.29386365926345
6,number-sector,free knobs,58.5,0.5231426356833262,0.5075774261893518,0.03469479995207703,0.007029353091430692,71.33972850674688,3999.9999999999995,1999.9999999999998,170.29386365926345
6,number-sector,free knobs,59.0,0.512633300497222,0.49696173287914336,0.03473371227921829,0.007037019961699197,71.33972850674688,3999.9999999999995,1999.9999999999998,170.29386365926345
6,number-sector,free knobs,59.5,0.5025126970992301,0.48619153934889237,0.03217847049781242,0.0065099086009709935,71.33972850674688,3999.9999999999995,1999.9999999999998,170.29386365926345
6,number-sector,free knobs,60.0,0.49266773170916106,0.4753070968995219,0.027847129504281587,0.005622170985762986,71.33972850674688,3999.9999999999995,1999.9999999999998,170.29386365926345
6,number-sector,free knobs,60.5,0.4828647567981688,0.4643487905605077,0.02301389004155674,0.004640162786679925,71.33972850674688,3999.9999999999995,1999.9999999999998,170.29386365926345
6,number-sector,free knobs,61.0,0.4728255127575727,0.45335699953488806,0.019049284623273377,0.003841983135881302,71.33972850674688,3999.9999999999995,1999.9999999999998,170.29386365926345
6,number-sector,free knobs,61.5,0.46231539265108906,0.4423719559234807,0.017009822826306586,0.0034345820063289272,71.33972850674688,3999.9999999999995,1999.9999999999998,170.29386365926345
6,number-sector,free knobs,62.0,0.45122001145939855,0.4314336020231177,0.017305280223821162,0.0034939834281293553,71.33972850674688,3999.9999999999995,1999.9999999999998,170.29386365926345
6,number-sector,free knobs,62.5,0.4395884160600221,0.42058144660665664,0.01959119523477859,0.003950867310133634,71.33972850674688,3999.9999999999995,1999.9999999999998,170.29386365926345
6,number-sector,free knobs,63.0,0.42763063800270446,0.4098544207083388,0.022950578964447965,0.00462658859181686,71.33972850674688,3999.9999999999995,1999.9999999999998,170.29386365926345
6,number-sector,free knobs,63.5,0.4156705208745922,0.39929073355316763,0.026276314673689516,0.005302437166600483,71.33972850674688,3999.9999999999995,1999.9999999999998,170.29386365926345
6,number-sector,free knobs,64.0,0.40406671728019666,0.3889277293796616,0.028664976863488012,0.0057931893213930535,71.33972850674688,3999.9999999999995,1999.9999999999998,170.29386365926345
6,number-sector,free knobs,64.5,0.39312304080479477,0.3788017460079284,0.029658918525989342,0.005998978613826107,71.33972850674688,3999.9999999999995,1999.9999999999998,170.29386365926345
6,number-sector,free knobs,65.0,0.38301307931372225,0.3689479760959732,0.029285189856480875,0.0059212011315517106,71.33972850674688,3999.9999999999995,1999.9999999999998,170.29386365926345
6,number-sector,free knobs,65.5,0.3737411071207134,0.35940033210315075,0.027941518862065307,0.005643143185147617,71.33972850674688,3999.9999999999995,1999.9999999999998,170.29386365926345
6,number-sector,free knobs,66.0,0.3651509635308552,0.35019131603770065,0.02621201953308283,0.005288873804887909,71.33972850674688,3999.9999999999995,1999.9999999999998,170.29386365926345
6,number-sector,free knobs,66.5,0.35698003928373595,0.3413518951027421,0.024671926762448892,0.0049778701769359,71.33972850674688,3999.9999999999995,1999.9999999999998,170.29386365926345
6,number-sector,free knobs,67.0,0.34894248711538334,0.3329113843698207,0.023716203263002167,0.004788283094561036,71.33972850674688,3999.9999999999995,1999.9999999999998,170.29386365926345
6,number-sector,free knobs,67.5,0.34081803927457244,0.3248973375994853,0.023450520114630002,0.004737183473824338,71.33972850674688,3999.9999999999995,1999.9999999999998,170.29386365926345
6,number-sector,free knobs,68.0,0.3325215832603194,0.31733544729346813,0.02368902003199136,0.004784044854491867,71.33972850674688,3999.9999999999995,1999.9999999999998,170.29386365926345
6,number-sector,free knobs,68.5,0.3241339396572255,0.31024945500243095,0.024073479113036367,0.004857352038585311,71.33972850674688,3999.9999999999995,1999.9999999999998,170.29386365926345
6,number-sector,free knobs,69.0,0.3158850112782984,0.30366107282729315,0.02426776859734503,0.004892802096936741,71.33972850674688,3999.9999999999995,1999.9999999999998,170.29386365926345
6,number-sector,free knobs,69.5,0.3080940964432364,0.2975899169417753,0.024133062496479396,0.00486481251754834,71.33972850674688,3999.9999999999995,1999.9999999999998,170.29386365926345
6,number-sector,free knobs,70.0,0.3010848445001603,0.2920534538306636,0.023791095809177265,0.004796911856787307,71.33972850674688,3999.9999999999995,1999.9999999999998,170.29386365926345
6,number-sector,free knobs,70.5,0.2950997537742246,0.28706695978463664,0.02354172993425485,0.004747031525711805,71.33972850674688,3999.9999999999995,1999.9999999999998,170.29386365926345
6,number-sector,free knobs,71.0,0.29023863236109915,0.28264349402117156,0.02368636853196293,0.004775324689671575,71.33972850674688,3999.9999999999995,1999.9999999999998,170.29386365926345
6,number-sector,free knobs,71.5,0.2864377931528816,0.2787938856154466,0.0243612799522972,0.004911028530760807,71.33972850674688,3999.9999999999995,1999.9999999999998,170.29386365926345
6,number-sector,free knobs,72.0,0.28349496261164564,0.27552673422909263,0.025464265357893034,0.005135251028383014,71.33972850674688,3999.9999999999995,1999.9999999999998,170.29386365926345
6,number-sector,free knobs,72.5,0.28113216478277664,0.27284842442236634,0.026690727653381985,0.005386361393615748,71.33972850674688,3999.9999999999995,1999.9999999999998,170.29386365926345
6,number-sector,free knobs,73.0,0.2790781973865358,0.2707631531312851,0.0276435892081085,0.005582325017046416,71.33972850674688,3999.9999999999995,1999.9999999999998,170.29386365926345
6,number-sector,free knobs,73.5,0.27714674851168386,0.2692729696901595,0.02796991736263621,0.005649589997077818,71.33972850674688,3999.9999999999995,1999.9999999999998,170.29386365926345
6,number-sector,free knobs,74.0,0.2752877351044652,0.26837782758650214,0.02748440480421932,0.005549740023782808,71.33972850674688,3999.9999999999995,1999.9999999999998,170.29386365926345
6,number-sector,free knobs,74.5,0.2735976638599268,0.2680756469541565,0.02624763992724166,0.0052963802663505075,71.33972850674688,3999.9999999999995,1999.9999999999998,170.29386365926345
6,number-sector,free knobs,75.0,0.27228704980340984,0.2683623866461819,0.024573883962336396,0.004955546520434535,71.33972850674688,3999.9999999999995,1999.9999999999998,170.29386365926345
6,number-sector,free knobs,75.5,0.27161578555040133,0.2692321245857765,0.02295217799093252,0.004627162373920363,71.33972850674688,3999.9999999999995,1999.9999999999998,170.29386365926345
6,number-sector,free knobs,76.0,0.27181699292052386,0.2706771449751427,0.021886943801331715,0.0044120702708619385,71.33972850674688,3999.9999999999995,1999.9999999999998,170.29386365926345
6,number-sector,free knobs,76.5,0.2730324312557153,0.2726880308520472,0.021707656992715263,0.004375598584204336,71.33972850674688,3999.9999999999995,1999.9999999999998,170.29386365926345
6,number-sector,free knobs,77.0,0.27527701116885955,0.2752537604246516,0.02243554860361574,0.004522304796171199,71.33972850674688,3999.9999999999995,1999.9999999999998,170.29386365926345
6,number-sector,free knobs,77.5,0.27843986934954,0.2783618055890663,0.023780582152335694,0.004794370381878934,71.33972850674688,3999.9999999999995,1999.9999999999998,170.29386365926345
6,number-sector,free knobs,78.0,0.2823193678480204,0.28199823104239397,0.025269579782104423,0.005095819918617275,71.33972850674688,3999.9999999999995,1999.9999999999998,170.29386365926345
6,number-sector,free knobs,78.5,0.28668117041878904,0.2861477924473295,0.02643558369590715,0.005331214504081607,71.33972850674688,3999.9999999999995,1999.9999999999998,170.29386365926345
6,number-sector,free knobs,79.0,0.2913224897564117,0.29079403218245997,0.02698215312440877,0.005440611390962945,71.33972850674688,3999.9999999999995,1999.9999999999998,170.29386365926345
6,number-sector,free knobs,79.5,0.29612342163540917,0.29591937132419444,0.026865938869632178,0.005416663184007317,71.33972850674688,3999.9999999999995,1999.9999999999998,170.29386365926345
6,number-sector,free knobs,80.0,0.30107046717657493,0.3015051966498841,0.02628071571635837,0.005299876977130688,71.33972850674688,3999.9999999999995,1999.9999999999998,170.29386365926345
6,number-sector,free knobs,80.5,0.3062470614708033,0.30753194162448727,0.025558946376661007,0.005157171553717679,71.33972850674688,3999.9999999999995,1999.9999999999998,170.29386365926345
6,number-sector,free knobs,81.0,0.31179663814471376,0.3139791605316974,0.025030177079271132,0.0050534476706107475,71.33972850674688,3999.9999999999995,1999.9999999999998,170.29386365926345
6,number-sector,free knobs,81.5,0.317871546287812,0.3208255951306761,0.024885930178924154,0.005025946836523146,71.33972850674688,3999.9999999999995,1999.9999999999998,170.29386365926345
6,number-sector,free knobs,82.0,0.3245843396450663,0.3280492334567089,0.025098765742666784,0.005069120757913641,71.33972850674688,3999.9999999999995,1999.9999999999998,170.29386365926345
6,number-sector,free knobs,82.5,0.33197568522177995,0.3356273606330469,0.025430970083522575,0.005135796034270675,71.33972850674688,3999.9999999999995,1999.9999999999998,170.29386365926345
6,number-sector,free knobs,83.0,0.34000611029830813,0.34353660181626705,0.025540710709035852,0.005157086023124207,71.33972850674688,3999.9999999999995,1999.9999999999998,170.29386365926345
6,number-sector,free knobs,83.5,0.34857060451691396,0.35175295765283554,0.025150641586855205,0.005076082436128846,71.33972850674688,3999.9999999999995,1999.9999999999998,170.29386365926345
6,number-sector,free knobs,84.0,0.3575293266503249,0.36025183287412027,0.02420753880151505,0.0048815149309969115,71.33972850674688,3999.9999999999995,1999.9999999999998,170.29386365926345
6,number-sector,free knobs,84.5,0.3667446709069703,0.3690080588948651,0.02295682433541746,0.004624196989898596,71.33972850674688,3999.9999999999995,1999.9999999999998,170.29386365926345
6,number-sector,free knobs,85.0,0.3761135068788589,0.3779959115001697,0.021885728776055324,0.004404977287584265,71.33972850674688,3999.9999999999995,1999.9999999999998,170.29386365926345
6,number-sector,free knobs,85.5,0.38558459622289526,0.38718912490267565,0.02154147439851739,0.004336046178423394,71.33972850674688,3999.9999999999995,1999.9999999999998,170.29386365926345
6,number-sector,free knobs,86.0,0.39515690988170865,0.39656090361969654,0.02229182149833997,0.004491546334602117,71.33972850674688,3999.9999999999995,1999.9999999999998,170.29386365926345
6,number-sector,free knobs,86.5,0.40486244822920514,0.4060839337547213,0.024135282522888102,0.004870071657686358,71.33972850674688,3999.9999999999995,1999.9999999999998,170.29386365926345
6,number-sector,free knobs,87.0,0.4147420314131706,0.4157303953650052,0.02665152713181196,0.005385674982932015,71.33972850674688,3999.9999999999995,1999.9999999999998,170.29386365926345
6,number-sector,free knobs,87.5,0.42482282797503873,0.425471977653512,0.029113251048696553,0.005890013749498371,71.33972850674688,3999.9999999999995,1999.9999999999998,170.29386365926345
6,number-sector,free knobs,88.0,0.43510426476281094,0.43527989873682804,0.030710578547960665,0.006216791294065615,71.33972850674688,3999.9999999999995,1999.9999999999998,170.29386365926345
6,number-sector,free knobs,88.5,0.44555567205487906,0.4451249317092817,0.030809773012445474,0.006235210685056037,71.33972850674688,3999.9999999999995,1999.9999999999998,170.29386365926345
6,number-sector,free knobs,89.0,0.4561247275369886,0.4549774386467797,0.029174532120449848,0.0058977388474698205,71.33972850674688,3999.9999999999995,1999.9999999999998,170.29386365926345
6,number-sector,free knobs,89.5,0.4667519738467631,0.4648074140722742,0.026092043754931682,0.00526660317947309,71.33972850674688,3999.9999999999995,1999.9999999999998,170.29386365926345
6,number-sector,free knobs,90.0,0.47738521944591716,0.4745845392397273,0.02235395506768245,0.004506539167866759,71.33972850674688,3999.9999999999995,1999.9999999999998,170.29386365926345
6,number-sector,free knobs,90.5,0.48798826817745444,0.4842782483874368,0.019060534113511385,0.0038407619142703337,71.33972850674688,3999.9999999999995,1999.9999999999998,170.29386365926345
6,number-sector,free knobs,91.0,0.49854028506074566,0.49385780786803746,0.017272677178164608,0.0034805248281962846,71.33972850674688,3999.9999999999995,1999.9999999999998,170.29386365926345
6,number-sector,free knobs,91.5,0.5090259048592896,0.5032924087857837,0.01762579376120299,0.003551451788286707,71.33972850674688,3999.9999999999995,1999.9999999999998,170.29386365926345
6,number-sector,free knobs,92.0,0.5194214312103961,0.512551273467048,0.02007645779259959,0.004045742346283144,71.33972850674688,3999.9999999999995,1999.9999999999998,170.29386365926345
6,number-sector,free knobs,92.5,0.5296849215940753,0.5216037757632881,0.023906903571933924,0.0048215737185076405,71.33972850674688,3999.9999999999995,1999.9999999999998,170.29386365926345
6,number-sector,free knobs,93.0,0.5397549921520124,0.5304195748436434,0.02798103765066351,0.0056505164802406645,71.33972850674688,3999.9999999999995,1999.9999999999998,170.29386365926345
6,number-sector,free knobs,93.5,0.549558242444678,0.5389687617838897,0.031127395821517134,0.006292807408056791,71.33972850674688,3999.9999999999995,1999.9999999999998,170.29386365926345
6,number-sector,free knobs,94.0,0.559022413755748,0.5472220179071823,0.03249546877845655,0.006571814922941424,71.33972850674688,3999.9999999999995,1999.9999999999998,170.29386365926345
6,number-sector,free knobs,94.5,0.5680913766078544,0.5551507834874849,0.03178180789664087,0.006424366599465202,71.33972850674688,3999.9999999999995,1999.9999999999998,170.29386365926345
6,number-sector,free knobs,95.0,0.5767372302430929,0.5627274350965197,0.029289627477352753,0.005914720026155448,71.33972850674688,3999.9999999999995,1999.9999999999998,170.29386365926345
6,number-sector,free knobs,95.5,0.5849649837694616,0.5699254695670601,0.025824344889556095,0.005210341192338588,71.33972850674688,3999.9999999999995,1999.9999999999998,170.29386365926345
6,number-sector,free knobs,96.0,0.5928071194449714,0.576719692266696,0.022443989405224518,0.004526749897434709,71.33972850674688,3999.9999999999995,1999.9999999999998,170.29386365926345
6,number-sector,free knobs,96.5,0.6003077786252856,0.5830864071336854,0.020116812184531097,0.004057456848104941,71.33972850674688,3999.9999999999995,1999.9999999999998,170.29386365926345
6,number-sector,free knobs,97.0,0.6074995452008267,0.5890036057263898,0.019396163949468748,0.003911652496331919,71.33972850674688,3999.9999999999995,1999.9999999999998,170.29386365926345
6,number-sector,free knobs,97.5,0.61438050100257,0.5944511523855689,0.0202497829186713,0.004082531253119993,71.33972850674688,3999.9999999999995,1999.9999999999998,170.29386365926345
6,number-sector,free knobs,98.0,0.620901827869804,0.5994109625090935,0.02212458781708837,0.004459627429177267,71.33972850674688,3999.9999999999995,1999.9999999999998,170.29386365926345
6,number-sector,free knobs,98.5,0.6269720732492918,0.6038671708950389,0.024214648342677725,0.004880870718845745,71.33972850674688,3999.9999999999995,1999.9999999999998,170.29386365926345
6,number-sector,free knobs,99.0,0.6324760696912959,0.6078062871241969,0.02580534879769958,0.005201689267100838,71.33972850674688,3999.9999999999995,1999.9999999999998,170.29386365926345
6,number-sector,free knobs,99.5,0.6373016632969214,0.611217335028146,0.02654020005717128,0.005349799632558364,71.33972850674688,3999.9999999999995,1999.9999999999998,170.29386365926345
6,number-sector,free knobs,100.0,0.6413670384869361,0.6140919734243545,0.02650286673033886,0.005342271982228009,71.33972850674688,3999.9999999999995,1999.9999999999998,170.29386365926345
6,number-sector,free knobs,100.5,0.644641674233843,0.6164245954942622,0.02610168724645079,0.005262063348125294,71.33972850674688,3999.9999999999995,1999.9999999999998,170.29386365926345
6,number-sector,free knobs,101.0,0.6471546716223492,0.6182124044316348,0.025834530345010265,0.005210217428390326,71.33972850674688,3999.9999999999995,1999.9999999999998,170.29386365926345
6,number-sector,free knobs,101.5,0.6489876005344826,0.6194554632932163,0.026044748205896417,0.005256091117547867,71.33972850674688,3999.9999999999995,1999.9999999999998,170.29386365926345
6,number-sector,free knobs,102.0,0.6502532816272433,0.6201567173371524,0.026755951613535278,0.005403532753465683,71.33972850674688,3999.9999999999995,1999.9999999999998,170.29386365926345
6,number-sector,free knobs,102.5,0.6510645386249428,0.620321987531148,0.027638000036288468,0.00558419930175203,71.33972850674688,3999.9999999999995,1999.9999999999998,170.29386365926345
6,number-sector,free knobs,103.0,0.651500033073038,0.6199599343451269,0.028123500335699658,0.0056820065163079685,71.33972850674688,3999.9999999999995,1999.9999999999998,170.29386365926345
6,number-sector,free knobs,103.5,0.6515784009246361,0.6190819914047679,0.027646920113373885,0.005582510736981263,71.33972850674688,3999.9999999999995,1999.9999999999998,170.29386365926345
6,number-sector,free knobs,104.0,0.6512512684699687,0.617702269064448,0.025925010098732604,0.005230050011344474,71.33972850674688,3999.9999999999995,1999.9999999999998,170.29386365926345
6,number-sector,free knobs,104.5,0.65041772059928,0.6158374284520004,0.023166914625220802,0.004669449212889678,71.33972850674688,3999.9999999999995,1999.9999999999998,170.29386365926345
6,number-sector,free knobs,105.0,0.6489543798403647,0.6135065270341611,0.020108231904099938,0.004050985835359058,71.33972850674688,3999.9999999999995,1999.9999999999998,170.29386365926345
6,number-sector,free knobs,105.5,0.6467523956875061,0.6107308372411825,0.01781158659324411,0.0035886064087862803,71.33972850674688,3999.9999999999995,1999.9999999999998,170.29386365926345
6,number-sector,free knobs,106.0,0.6437524712469985,0.6075336401624837,0.017276314753114197,0.003482029365094037,71.33972850674688,3999.9999999999995,1999.9999999999998,170.29386365926345
6,number-sector,free knobs,106.5,0.6399684962059388,0.6039399967731262,0.019015679009743325,0.0038340990689855474,71.33972850674688,3999.9999999999995,1999.9999999999998,170.29386365926345
6,number-sector,free knobs,107.0,0.6354923685936005,0.5999764995644812,0.022799271591379067,0.004599820081170146,71.33972850674688,3999.9999999999995,1999.9999999999998,170.29386365926345
6,number-sector,free knobs,107.5,0.6304783698811873,0.5956710078233749,0.027674853673189337,0.005588444778834599,71.33972850674688,3999.9999999999995,1999.9999999999998,170.29386365926345
6,number-sector,free knobs,108.0,0.6251106770332769,0.59105237012461,0.032248224783863244,0.006517239004748297,71.33972850674688,3999.9999999999995,1999.9999999999998,170.29386365926345
6,number-sector,free knobs,108.5,0.6195606437515705,0.5861501378653471,0.0351101644016969,0.007098290928083954,71.33972850674688,3999.9999999999995,1999.9999999999998,170.29386365926345
6,number-sector,free knobs,109.0,0.6139442567301714,0.5809942738706371,0.03527680772760855,0.007130829215639292,71.33972850674688,3999.9999999999995,1999.9999999999998,170.29386365926345
6,number-sector,free knobs,109.5,0.6082933144395993,0.5756148602328148,0.03252016438563321,0.006570082807993424,71.33972850674688,3999.9999999999995,1999.9999999999998,170.29386365926345
6,number-sector,free knobs,110.0,0.6025508675429183,0.5700418096101597,0.027489379572331107,0.005550329627960293,71.33972850674688,3999.9999999999995,1999.9999999999998,170.29386365926345
6,number-sector,free knobs,110.5,0.5965926321309494,0.5643045842001269,0.02156606766796032,0.0043526776296632244,71.33972850674688,3999.9999999999995,1999.9999999999998,170.29386365926345
6,number-sector,free knobs,111.0,0.5902678757227741,0.5584319265188837,0.016467209008238837,0.0033235663497478444,71.33972850674688,3999.9999999999995,1999.9999999999998,170.29386365926345
6,number-sector,free knobs,111.5,0.5834488638011153,0.5524516059625563,0.013702748460282299,0.002766412060883192,71.33972850674688,3999.9999999999995,1999.9999999999998,170.29386365926345
6,number-sector,free knobs,112.0,0.5760759106164183,0.546390184898585,0.014076274942122713,0.002842540420626503,71.33972850674688,3999.9999999999995,1999.9999999999998,170.29386365926345
6,number-sector,free knobs,112.5,0.5681854482407357,0.5402728077413621,0.017423245943247623,0.0035186594710823523,71.33972850674688,3999.9999999999995,1999.9999999999998,170.29386365926345
6,number-sector,free knobs,113.0,0.5599127456047162,0.5341230161096082,0.022685671843499677,0.004580958311792857,71.33972850674688,3999.9999999999995,1999.9999999999998,170.29386365926345
6,number-sector,free knobs,113.5,0.5514675028040786,0.5279625927497024,0.028280359971636138,0.0057090623212342,71.33972850674688,3999.9999999999995,1999.9999999999998,170.29386365926345
6,number-sector,free knobs,114.0,0.5430869607647014,0.5218114364464415,0.03261382391555645,0.006581155126492598,71.33972850674688,3999.9999999999995,1999.9999999999998,170.29386365926345
6,number-sector,free knobs,114.5,0.5349772748306862,0.5156874696385236,0.03456622467331072,0.006972755323584256,71.33972850674688,3999.9999999999995,1999.9999999999998,170.29386365926345
6,number-sector,free knobs,115.0,0.5272592137980354,0.5096065799192259,0.033796160086079996,0.006817142659075549,71.33972850674688,3999.9999999999995,1999.9999999999998,170.29386365926345
6,number-sector,free knobs,115.5,0.5199353853942429,0.5035825960427978,0.030785530514922055,0.006212017135770431,71.33972850674688,3999.9999999999995,1999.9999999999998,170.29386365926345
6,number-sector,free knobs,116.0,0.512890714713594,0.4976272984839675,0.026627073280013014,0.005376077460528671,71.33972850674688,3999.9999999999995,1999.9999999999998,170.29386365926345
6,number-sector,free knobs,116.5,0.5059275072633157,0.49175046402188116,0.022634024329430846,0.004572429549560287,71.33972850674688,3999.9999999999995,1999.9999999999998,170.29386365926345
6,number-sector,free knobs,117.0,0.4988252392676237,0.4859599432511025,0.019905817838077433,0.004022768533388094,71.33972850674688,3999.9999999999995,1999.9999999999998,170.29386365926345
6,number-sector,free knobs,117.5,0.4914076064378709,0.48026176937118026,0.018998684342451,0.0038398872612833055,71.33972850674688,3999.9999999999995,1999.9999999999998,170.29386365926345
6,number-sector,free knobs,118.0,0.48359809810898746,0.4746602960826453,0.01980921814421166,0.004002399421265304,71.33972850674688,3999.9999999999995,1999.9999999999998,170.29386365926345
6,number-sector,free knobs,118.5,0.47544944799036276,0.4691583619304944,0.021696347302648356,0.004379990505278307,71.33972850674688,3999.9999999999995,1999.9999999999998,170.29386365926345
6,number-sector,free knobs,119.0,0.46713854576588654,0.46375747799499667,0.02378371526708578,0.004796431099671042,71.33972850674688,3999.9999999999995,1999.9999999999998,170.29386365926345
6,number-sector,free knobs,119.5,0.45892586244164374,0.458458035441846,0.025324804581316585,0.005103173030618985,71.33972850674688,3999.9999999999995,1999.9999999999998,170.29386365926345
6,number-sector,free knobs,120.0,0.45108805724773554,0.4532595291161738,0.02598349923041121,0.005233752103906578,71.33972850674688,3999.9999999999995,1999.9999999999998,170.29386365926345
6,number-sector,free knobs,120.5,0.44384193345814255,0.44816079310345214,0.025908441179217978,0.005217742707928126,71.33972850674688,3999.9999999999995,1999.9999999999998,170.29386365926345
6,number-sector,free knobs,121.0,0.4372822668547663,0.44316024398939213,0.025579267456794064,0.00515122091380575,71.33972850674688,3999.9999999999995,1999.9999999999998,170.29386365926345
6,number-sector,free knobs,121.5,0.43135305990898154,0.4382561274337498,0.025522686660741756,0.0051412053881665105,71.33972850674688,3999.9999999999995,1999.9999999999998,170.29386365926345
6,number-sector,free knobs,122.0,0.4258627170205282,0.4334467636313488,0.026044724489911575,0.0052511525720844035,71.33972850674688,3999.9999999999995,1999.9999999999998,170.29386365926345
6,number-sector,free knobs,122.5,0.4205401015403875,0.4287307872680383,0.027084355973903795,0.0054688956438427045,71.33972850674688,3999.9999999999995,1999.9999999999998,170.29386365926345
6,number-sector,free knobs,123.0,0.4151143440140407,0.42410737768876383,0.02822491651477843,0.005706855733128329,71.33972850674688,3999.9999999999995,1999.9999999999998,170.29386365926345
6,number-sector,free knobs,123.5,0.4093939318974583,0.4195764751771227,0.02884890225339498,0.0058347760088130595,71.33972850674688,3999.9999999999995,1999.9999999999998,170.29386365926345
6,number-sector,free knobs,124.0,0.40332330379935477,0.41513897949702894,0.028386899077906147,0.005735269370901088,71.33972850674688,3999.9999999999995,1999.9999999999998,170.29386365926345
6,number-sector,free knobs,124.5,0.39700295508257355,0.41079692716256677,0.026584417041846997,0.005361427557147252,71.33972850674688,3999.9999999999995,1999.9999999999998,170.29386365926345
6,number-sector,free knobs,125.0,0.39066709887147283,0.4065536442757185,0.02369200873292099,0.004771640026940211,71.33972850674688,3999.9999999999995,1999.9999999999998,170.29386365926345
6,number-sector,free knobs,125.5,0.3846226908265122,0.4024138721963919,0.02048054192109916,0.004124680660362879,71.33972850674688,3999.9999999999995,1999.9999999999998,170.29386365926345
6,number-sector,free knobs,126.0,0.37916577149075614,0.39838386377713886,0.018023930401588006,0.0036330310138708638,71.33972850674688,3999.9999999999995,1999.9999999999998,170.29386365926345
6,number-sector,free knobs,126.5,0.37449971748371164,0.3944714483975211,0.017300121264007373,0.0034881379534081646,71.33972850674688,3999.9999999999995,1999.9999999999998,170.29386365926345
6,number-sector,free knobs,127.0,0.3706797836398039,0.3906860645611028,0.018782664717381548,0.003784752363306422,71.33972850674688,3999.9999999999995,1999.9999999999998,170.29386365926345
6,number-sector,free knobs,127.5,0.3676005538514771,0.3870387593620083,0.022219513766182586,0.004476157301119072,71.33972850674688,3999.9999999999995,1999.9999999999998,170.29386365926345
6,number-sector,free knobs,128.0,0.3650307508257642,0.38354215467818725,0.026692480729288315,0.005380747278793561,71.33972850674688,3999.9999999999995,1999.9999999999998,170.29386365926345
6,number-sector,free knobs,128.5,0.36268513295084515,0.38021038049532224,0.030911835932460052,0.0062375893094343505,71.33972850674688,3999.9999999999995,1999.9999999999998,170.29386365926345
6,number-sector,free knobs,129.0,0.36031077557169133,0.37705897629916374,0.0336225498735383,0.0067893250842192936,71.33972850674688,3999.9999999999995,1999.9999999999998,170.29386365926345
6,number-sector,free knobs,129.5,0.3577616323258529,0.37410476198594406,0.033991131297539945,0.006864231887031139,71.33972850674688,3999.9999999999995,1999.9999999999998,170.29386365926345
6,number-sector,free knobs,130.0,0.3550413669559968,0.37136568022179006,0.03186628029341876,0.006432188941927852,71.33972850674688,3999.9999999999995,1999.9999999999998,170.29386365926345
6,number-sector,free knobs,130.5,0.35230424000278276,0.3688606126248582,0.02784091365945618,0.0056167151697587014,71.33972850674688,3999.9999999999995,1999.9999999999998,170.29386365926345
6,number-sector,free knobs,131.0,0.3498140226514097,0.3666091725412712,0.023087469799663585,0.004657601173012341,71.33972850674688,3999.9999999999995,1999.9999999999998,170.29386365926345
6,number-sector,free knobs,131.5,0.3478720867498447,0.36463147753168546,0.018998132421915392,0.003835159319796893,71.33972850674688,3999.9999999999995,1999.9999999999998,170.29386365926345
6,number-sector,free knobs,132.0,0.34673570949079346,0.36294790497452384,0.01673508746058383,0.003380983482307615,71.33972850674688,3999.9999999999995,1999.9999999999998,170.29386365926345
6,number-sector,free knobs,132.5,0.34655083351641747,0.36157883442061906,0.016851810976636905,0.0034050479687964055,71.33972850674688,3999.9999999999995,1999.9999999999998,170.29386365926345
6,number-sector,free knobs,133.0,0.34731829178039514,0.36054438049955856,0.01913380514483698,0.003864287008438598,71.33972850674688,3999.9999999999995,1999.9999999999998,170.29386365926345
6,number-sector,free knobs,133.5,0.34890209529388294,0.35986412027891984,0.022716331206906304,0.004584655593895956,71.33972850674688,3999.9999999999995,1999.9999999999998,170.29386365926345
6,number-sector,free knobs,134.0,0.3510763167577287,0.35955681901352593,0.026420635246421798,0.005328584237790321,71.33972850674688,3999.9999999999995,1999.9999999999998,170.29386365926345
6,number-sector,free knobs,134.5,0.3535957981286959,0.35964015819380374,0.02917054408639863,0.005880127382442776,71.33972850674688,3999.9999999999995,1999.9999999999998,170.29386365926345
6,number-sector,free knobs,135.0,0.35626879940203593,0.36013046971235557,0.03033342558627361,0.006113482004803525,71.33972850674688,3999.9999999999995,1999.9999999999998,170.29386365926345
6,number-sector,free knobs,135.5,0.35901007694626,0.3610424798191048,0.02987092786092782,0.00602168998773701,71.33972850674688,3999.9999999999995,1999.9999999999998,170.29386365926345
6,number-sector,free knobs,136.0,0.3618603453816782,0.36238906633204393,0.028266721420730057,0.005701557274863042,71.33972850674688,3999.9999999999995,1999.9999999999998,170.29386365926345
6,number-sector,free knobs,136.5,0.3649688030182263,0.36418103231772125,0.026283497575160464,0.005305773983313389,71.33972850674688,3999.9999999999995,1999.9999999999998,170.29386365926345
6,number-sector,free knobs,137.0,0.3685456796081589,0.366426899158997,0.024653452964185307,0.004981205127336841,71.33972850674688,3999.9999999999995,1999.9999999999998,170.29386365926345
6,number-sector,free knobs,137.5,0.37279960011414653,0.36913272159374055,0.0238152714774017,0.004815480334332428,71.33972850674688,3999.9999999999995,1999.9999999999998,170.29386365926345
6,number-sector,free knobs,138.0,0.37787841297631863,0.37230192694395625,0.02378559686872672,0.004810870353184139,71.33972850674688,3999.9999999999995,1999.9999999999998,170.29386365926345
6,number-sector,free knobs,138.5,0.38383037145508475,0.3759351803676695,0.02420447520954605,0.004893963779733119,71.33972850674688,3999.9999999999995,1999.9999999999998,170.29386365926345
6,number-sector,free knobs,139.0,0.390595315995419,0.3800302775631759,0.024534031494528596,0.004956403439262001,71.33972850674688,3999.9999999999995,1999.9999999999998,170.29386365926345
6,number-sector,free knobs,139.5,0.39802601299874757,0.38458206594455746,0.024333783952521504,0.004910722505119813,71.33972850674688,3999.9999999999995,1999.9999999999998,170.29386365926345
6,number-sector,free knobs,140.0,0.40593171361207386,0.38958239489601687,0.023498701479361284,0.004737842958273581,71.33972850674688,3999.9999999999995,1999.9999999999998,170.29386365926345
6,number-sector,free knobs,140.5,0.4141304089014481,0.39502009530777005,0.0223454301689594,0.004503036878557211,71.33972850674688,3999.9999999999995,1999.9999999999998,170.29386365926345
6,number-sector,free knobs,141.0,0.42249371376928635,0.4008809882046679,0.021489613501573857,0.004330169467909448,71.33972850674688,3999.9999999999995,1999.9999999999998,170.29386365926345
6,number-sector,free knobs,141.5,0.43097104087067173,0.4071479219066044,0.021561365145372435,0.004345258773863018,71.33972850674688,3999.9999999999995,1999.9999999999998,170.29386365926345
6,number-sector,free knobs,142.0,0.43958801531488684,0.41380083681272206,0.022894039569700708,0.004615637596306677,71.33972850674688,3999.9999999999995,1999.9999999999998,170.29386365926345
6,number-sector,free knobs,142.5,0.4484231899988137,0.4208168565842826,0.02533306382307643,0.005111427605954678,71.33972850674688,3999.9999999999995,1999.9999999999998,170.29386365926345
6,number-sector,free knobs,143.0,0.45757220852885017,0.42817040421792163,0.028245537759792327,0.005705013416931075,71.33972850674688,3999.9999999999995,1999.9999999999998,170.29386365926345
6,number-sector,free knobs,143.5,0.46711006162190916,0.4358333412550523,0.030716935706438186,0.006209020932557719,71.33972850674688,3999.9999999999995,1999.9999999999998,170.29386365926345
6,number-sector,free knobs,144.0,0.47706214921220375,0.44377512816679154,0.03185344746750052,0.006439231335823064,71.33972850674688,3999.9999999999995,1999.9999999999998,170.29386365926345
6,number-sector,free knobs,144.5,0.4873922664757977,0.45196300378836707,0.031090051049748157,0.006280645076076543,71.33972850674688,3999.9999999999995,1999.9999999999998,170.29386365926345
6,number-sector,free knobs,145.0,0.4980094544789732,0.4603621815530899,0.028417050944714584,0.005734760407015291,71.33972850674688,3999.9999999999995,1999.9999999999998,170.29386365926345
6,number-sector,free knobs,145.5,0.5087894417490084,0.46893606019333406,0.024452728225073828,0.004931386104240263,71.33972850674688,3999.9999999999995,1999.9999999999998,170.29386365926345
6,number-sector,free knobs,146.0,0.5196031052771625,0.4776464465334024,0.02030990443204317,0.004097017312673919,71.33972850674688,3999.9999999999995,1999.9999999999998,170.29386365926345
6,number-sector,free knobs,146.5,0.5303428093933815,0.4864537879948012,0.017261319995017455,0.003485555793033237,71.33972850674688,3999.9999999999995,1999.9999999999998,170.29386365926345
6,number-sector,free knobs,147.0,0.5409377458436462,0.4953174124656932,0.016303609188250356,0.003293480575199364,71.33972850674688,3999.9999999999995,1999.9999999999998,170.29386365926345
6,number-sector,free knobs,147.5,0.5513542047444078,0.5041957732499878,0.01779135697901879,0.0035908833857555772,71.33972850674688,3999.9999999999995,1999.9999999999998,170.29386365926345
6,number-sector,free knobs,148.0,0.5615841869868525,0.5130466969039871,0.0212986514076825,0.004295035854936915,71.33972850674688,3999.9999999999995,1999.9999999999998,170.29386365926345
6,number-sector,free knobs,148.5,0.5716293699127033,0.5218276318856593,0.025767589488558063,0.0051968415005940825,71.33972850674688,3999.9999999999995,1999.9999999999998,170.29386365926345
6,number-sector,free knobs,149.0,0.581485568996982,0.530495896079135,0.02987617147293864,0.006030206190616601,71.33972850674688,3999.9999999999995,1999.9999999999998,170.29386365926345
6,number-sector,free knobs,149.5,0.5911308012725465,0.5390089214104072,0.03246940910207996,0.006558074538816052,71.33972850674688,3999.9999999999995,1999.9999999999998,170.29386365926345
6,number-sector,free knobs,150.0,0.6005203186277769,0.5473244939349123,0.032894774913782565,0.006644237697177576,71.33972850674688,3999.9999999999995,1999.9999999999998,170.29386365926345
6,number-sector,prescribed knobs,0.0,1.0000000000000007,0.9999999999999997,-8.881784197001252e-16,5.929523052475722e-30,40.69794144910759,1302.3341263714428,651.1670631857214,57.0
6,number-sector,prescribed knobs,0.5,0.9811892939247697,0.9991357701646681,0.1047623548471075,0.02175421526185275,40.69794144910759,1302.3341263714428,651.1670631857214,57.0
6,number-sector,prescribed knobs,1.0,0.9781847710464232,0.9965477394510306,0.09792042416500657,0.02031704530253097,40.69794144910759,1302.3341263714428,651.1670631857214,57.0
6,number-sector,prescribed knobs,1.5,0.9911122511379347,0.9922498482236005,0.01078419886112314,0.0021577316351407637,40.69794144910759,1302.3341263714428,651.1670631857214,57.0
6,number-sector,prescribed knobs,2.0,0.9715285060457015,0.9862652107832286,0.1008191243855674,0.02089677186995554,40.69794144910759,1302.3341263714428,651.1670631857214,57.0
6,number-sector,prescribed knobs,2.5,0.9633219819408939,0.9786259373076226,0.08545659633788927,0.017673472402802985,40.69794144910759,1302.3341263714428,651.1670631857214,57.0
6,number-sector,prescribed knobs,3.0,0.9653471390574649,0.9693728873477497,0.03889556950502826,0.007869742640193677,40.69794144910759,1302.3341263714428,651.1670631857214,57.0
6,number-sector,prescribed knobs,3.5,0.948620872930515,0.9585553576102764,0.0843956448846307,0.017413647212261494,40.69794144910759,1302.3341263714428,651.1670631857214,57.0
6,number-sector,prescribed knobs,4.0,0.9372387012400083,0.9462307074665187,0.07344438109504992,0.01512201385155292,40.69794144910759,1302.3341263714428,651.1670631857214,57.0
6,number-sector,prescribed knobs,4.5,0.9251585839521321,0.9324639262880423,0.07406474621034198,0.015202820937400642,40.69794144910759,1302.3341263714428,651.1670631857214,57.0
6,number-sector,prescribed knobs,5.0,0.9125989680527018,0.9173271473087635,0.05878300424319971,0.01203856385627589,40.69794144910759,1302.3341263714428,651.1670631857214,57.0
6,number-sector,prescribed knobs,5.5,0.9003244389944312,0.9008991132447046,0.06637006241694021,0.013612397751016565,40.69794144910759,1302.3341263714428,651.1670631857214,57.0
6,number-sector,prescribed knobs,6.0,0.873963772326892,0.8832645993583955,0.10500009090457418,0.02183852227069301,40.69794144910759,1302.3341263714428,651.1670631857214,57.0
6,number-sector,prescribed knobs,6.5,0.8646025553316041,0.864513800029376,0.03200746155033629,0.006490068143336415,40.69794144910759,1302.3341263714428,651.1670631857214,57.0
6,number-sector,prescribed knobs,7.0,0.8529218468362356,0.8447416851809433,0.0656348596287033,0.013427536880424201,40.69794144910759,1302.3341263714428,651.1670631857214,57.0
6,number-sector,prescribed knobs,7.5,0.8154525119886297,0.8240473331132141,0.12329991971176957,0.02585441755153547,40.69794144910759,1302.3341263714428,651.1670631857214,57.0
6,number-sector,prescribed knobs,8.0,0.8068063556193382,0.8025332464022955,0.014298949581233344,0.0028735368493884076,40.69794144910759,1302.3341263714428,651.1670631857214,57.0
6,number-sector,prescribed knobs,8.5,0.7956887744656232,0.7803046575449182,0.0693885023961649,0.014181911413500295,40.69794144910759,1302.3341263714428,651.1670631857214,57.0
6,number-sector,prescribed knobs,9.0,0.7529671445407808,0.7574688309588559,0.12525069114503606,0.026292281465221886,40.69794144910759,1302.3341263714428,651.1670631857214,57.0
6,number-sector,prescribed knobs,9.5,0.7422101974629532,0.73413436779483,0.01348585787087575,0.002717525110685264,40.69794144910759,1302.3341263714428,651.1670631857214,57.0
6,number-sector,prescribed knobs,10.0,0.7300253036664365,0.7104105197797503,0.0736734000245417,0.015071228230338487,40.69794144910759,1302.3341263714428,651.1670631857214,57.0
6,number-sector,prescribed knobs,10.5,0.689063450147101,0.6864065179997529,0.11211247781777556,0.02340473477395118,40.69794144910759,1302.3341263714428,651.1670631857214,57.0
6,number-sector,prescribed knobs,11.0,0.6741817731216283,0.6622309221513474,0.0306950400078837,0.0062246082206664196,40.69794144910759,1302.3341263714428,651.1670631857214,57.0
6,number-sector,prescribed knobs,11.5,0.6584090029081888,0.6379909953478909,0.07455292684164971,0.015283467915463924,40.69794144910759,1302.3341263714428,651.1670631857214,57.0
6,number-sector,prescribed knobs,12.0,0.6254009908787058,0.6137921090752604,0.08929372802259061,0.018460533079124312,40.69794144910759,1302.3341263714428,651.1670631857214,57.0
6,number-sector,prescribed knobs,12.5,0.6058891863115292,0.5897371823542967,0.05968767016940246,0.012215164378830473,40.69794144910759,1302.3341263714428,651.1670631857214,57.0
6,number-sector,prescribed knobs,13.0,0.5843989376863633,0.5659261585981958,0.07023495445970929,0.014420432998747713,40.69794144910759,1302.3341263714428,651.1670631857214,57.0
6,number-sector,prescribed knobs,13.5,0.5629908337731367,0.5424555230606436,0.06461887284280532,0.013214755374925946,40.69794144910759,1302.3341263714428,651.1670631857214,57.0
6,number-sector,prescribed knobs,14.0,0.5399112277690555,0.5194178631653494,0.09021707303962934,0.018670208407313742,40.69794144910759,1302.3341263714428,651.1670631857214,57.0
6,number-sector,prescribed knobs,14.5,0.5121831714453279,0.4969014733998965,0.06200497335121602,0.012723355304865373,40.69794144910759,1302.3341263714428,651.1670631857214,57.0
6,number-sector,prescribed knobs,15.0,0.5026114903905012,0.4749900058563248,0.04595897379615388,0.009319979214261481,40.69794144910759,1302.3341263714428,651.1670631857214,57.0
6,number-sector,prescribed knobs,15.5,0.47814889954783013,0.45376216691704985,0.1125776403480746,0.023504735053181413,40.69794144910759,1302.3341263714428,651.1670631857214,57.0
6,number-sector,prescribed knobs,16.0,0.4458495961185332,0.43329146002635466,0.05355657370601874,0.010963816920687484,40.69794144910759,1302.3341263714428,651.1670631857214,57.0
6,number-sector,prescribed knobs,16.5,0.4451917546555889,0.41364597396283287,0.03854769468898722,0.007802631750881768,40.69794144910759,1302.3341263714428,651.1670631857214,57.0
6,number-sector,prescribed knobs,17.0,0.42191987625403776,0.3948882155439063,0.1208529460399943,0.025312696485472068,40.69794144910759,1302.3341263714428,651.1670631857214,57.0
6,number-sector,prescribed knobs,17.5,0.3887008954370728,0.3770749852560278,0.04914325199151992,0.010043033107400292,40.69794144910759,1302.3341263714428,651.1670631857214,57.0
6,number-sector,prescribed knobs,18.0,0.39205490346572835,0.36025729391841077,0.04284431596076255,0.008694182223428425,40.69794144910759,1302.3341263714428,651.1670631857214,57.0
6,number-sector,prescribed knobs,18.5,0.3721334085576743,0.3444803181579545,0.11420448227442137,0.02384437491108223,40.69794144910759,1302.3341263714428,651.1670631857214,57.0
6,number-sector,prescribed knobs,19.0,0.34279049240122855,0.32978339220111297,0.05147454950215802,0.010530684717243501,40.69794144910759,1302.3341263714428,651.1670631857214,57.0
6,number-sector,prescribed knobs,19.5,0.34493346883385756,0.31620003327620333,0.054458294263814655,0.011074396439498433,40.69794144910759,1302.3341263714428,651.1670631857214,57.0
6,number-sector,prescribed knobs,20.0,0.3295485878668042,0.30375799776730583,0.09644101628819235,0.019983358935927693,40.69794144910759,1302.3341263714428,651.1670631857214,57.0
6,number-sector,prescribed knobs,20.5,0.30873149284048335,0.2924793651675088,0.06047655475614544,0.012407535602924196,40.69794144910759,1302.3341263714428,651.1670631857214,57.0
6,number-sector,prescribed knobs,21.0,0.30573048493163957,0.28238064684275666,0.06668735002408599,0.013603219893250112,40.69794144910759,1302.3341263714428,651.1670631857214,57.0
6,number-sector,prescribed knobs,21.5,0.295029495568963,0.27347291663486334,0.07436967007520201,0.015275333551425031,40.69794144910759,1302.3341263714428,651.1670631857214,57.0
6,number-sector,prescribed knobs,22.0,0.28583249347314904,0.2657619603993464,0.07346085145807923,0.015111230862222269,40.69794144910759,1302.3341263714428,651.1670631857214,57.0
6,number-sector,prescribed knobs,22.5,0.2761632342069789,0.25924844168577754,0.07404832813379214,0.015183693226799468,40.69794144910759,1302.3341263714428,651.1670631857214,57.0
6,number-sector,prescribed knobs,23.0,0.2695999085411625,0.25392808091980684,0.05546160712878956,0.011317534530684532,40.69794144910759,1302.3341263714428,651.1670631857214,57.0
6,number-sector,prescribed knobs,23.5,0.27254371872431715,0.24979184563085194,0.08631682908722782,0.01779298820741942,40.69794144910759,1302.3341263714428,651.1670631857214,57.0
6,number-sector,prescribed knobs,24.0,0.2574513755938719,0.24682614948117215,0.07459843426528034,0.015376448402102364,40.69794144910759,1302.3341263714428,651.1670631857214,57.0
6,number-sector,prescribed knobs,24.5,0.2542417629645114,0.24501305808398294,0.04528141229292182,0.00922558286806619,40.69794144910759,1302.3341263714428,651.1670631857214,57.0
6,number-sector,prescribed knobs,25.0,0.26706169458640894,0.24433049984362515,0.0950361912338964,0.019626443783079667,40.69794144910759,1302.3341263714428,651.1670631857214,57.0
6,number-sector,prescribed knobs,25.5,0.25008370850011963,0.24475248030284968,0.07019598648062775,0.014493920642687843,40.69794144910759,1302.3341263714428,651.1670631857214,57.0
6,number-sector,prescribed knobs,26.0,0.2495868415351336,0.24624929873452425,0.04543627414014084,0.00927499082634801,40.69794144910759,1302.3341263714428,651.1670631857214,57.0
6,number-sector,prescribed knobs,26.5,0.2679016456774912,0.24878776596132876,0.09700921965890397,0.020052929929591814,40.69794144910759,1302.3341263714428,651.1670631857214,57.0
6,number-sector,prescribed knobs,27.0,0.2536713974735262,0.25233142262160857,0.06506362018326295,0.013397215889418414,40.69794144910759,1302.3341263714428,651.1670631857214,57.0
6,number-sector,prescribed knobs,27.5,0.2556517721956581,0.25684075731738415,0.05322720136314496,0.010879462353179213,40.69794144910759,1302.3341263714428,651.1670631857214,57.0
6,number-sector,prescribed knobs,28.0,0.27426898792148896,0.26227342427714845,0.09168809599588867,0.01892785313676745,40.69794144910759,1302.3341263714428,651.1670631857214,57.0
6,number-sector,prescribed knobs,28.5,0.2669856420245725,0.26858446033784567,0.06348935623127072,0.013022273912675,40.69794144910759,1302.3341263714428,651.1670631857214,57.0
6,number-sector,prescribed knobs,29.0,0.27168056911477373,0.27572650119445463,0.06344048608593666,0.012973829338618332,40.69794144910759,1302.3341263714428,651.1670631857214,57.0
6,number-sector,prescribed knobs,29.5,0.2861003970551066,0.28364999697988846,0.08058355488939573,0.01656977835268892,40.69794144910759,1302.3341263714428,651.1670631857214,57.0
6,number-sector,prescribed knobs,30.0,0.28823553688085857,0.2923034273213152,0.0677238059678189,0.013870672997162525,40.69794144910759,1302.3341263714428,651.1670631857214,57.0
6,number-sector,prescribed knobs,30.5,0.29614411265967944,0.3016335160712138,0.07110136073442996,0.01456249939387826,40.69794144910759,1302.3341263714428,651.1670631857214,57.0
6,number-sector,prescribed knobs,31.0,0.3037814781285398,0.31158544593305976,0.06685081836044304,0.013683381198633772,40.69794144910759,1302.3341263714428,651.1670631857214,57.0
6,number-sector,prescribed knobs,31.5,0.31546099331987976,0.3221030731938068,0.07697891916279243,0.01578636099164495,40.69794144910759,1302.3341263714428,651.1670631857214,57.0
6,number-sector,prescribed knobs,32.0,0.3269186211367387,0.3331291427403787,0.07358722925520511,0.01511747380603389,40.69794144910759,1302.3341263714428,651.1670631857214,57.0
6,number-sector,prescribed knobs,32.5,0.32771068325694597,0.34460550347792007,0.05451592119097026,0.011133968404952916,40.69794144910759,1302.3341263714428,651.1670631857214,57.0
6,number-sector,prescribed knobs,33.0,0.3468565032606384,0.3564733241868635,0.08781925381048916,0.018067429315701787,40.69794144910759,1302.3341263714428,651.1670631857214,57.0
6,number-sector,prescribed knobs,33.5,0.3615962197130356,0.36867330975769874,0.07139729760137903,0.014715125427376534,40.69794144910759,1302.3341263714428,651.1670631857214,57.0
6,number-sector,prescribed knobs,34.0,0.35787761689949954,0.38114591763077454,0.04726237767526087,0.009655161004727297,40.69794144910759,1302.3341263714428,651.1670631857214,57.0
6,number-sector,prescribed knobs,34.5,0.38094476095020463,0.39383157414785636,0.09563435113720975,0.019748852563056387,40.69794144910759,1302.3341263714428,651.1670631857214,57.0
6,number-sector,prescribed knobs,35.0,0.3978557852438703,0.40667089039696624,0.06747874743458249,0.013917748888483225,40.69794144910759,1302.3341263714428,651.1670631857214,57.0
6,number-sector,prescribed knobs,35.5,0.3935342968724599,0.4196048770066659,0.04710739891052551,0.009625093895422411,40.69794144910759,1302.3341263714428,651.1670631857214,57.0
6,number-sector,prescribed knobs,36.0,0.416594909215018,0.4325751572247809,0.09654096047780902,0.019968059124831513,40.69794144910759,1302.3341263714428,651.1670631857214,57.0
6,number-sector,prescribed knobs,36.5,0.43381252713970975,0.4455241775036805,0.06535037427126267,0.013434673529235231,40.69794144910759,1302.3341263714428,651.1670631857214,57.0
6,number-sector,prescribed knobs,37.0,0.43305801726996,0.4583954147134103,0.0536364656118512,0.01096361728190499,40.69794144910759,1302.3341263714428,651.1670631857214,57.0
6,number-sector,prescribed knobs,37.5,0.452898613921511,0.47113357901859404,0.0889593496949097,0.018353306842692197,40.69794144910759,1302.3341263714428,651.1670631857214,57.0
6,number-sector,prescribed knobs,38.0,0.4682349164495682,0.4836848113879255,0.06709634782798735,0.013734854644947744,40.69794144910759,1302.3341263714428,651.1670631857214,57.0
6,number-sector,prescribed knobs,38.5,0.47411279657058986,0.4959968746585617,0.06420595337660717,0.01315354052644479,40.69794144910759,1302.3341263714428,651.1670631857214,57.0
6,number-sector,prescribed knobs,39.0,0.4889701021157555,0.5080193370535102,0.07433692834356154,0.015245804293105123,40.69794144910759,1302.3341263714428,651.1670631857214,57.0
6,number-sector,prescribed knobs,39.5,0.5005454214980531,0.5197037470492031,0.07255159274929734,0.014846760894392848,40.69794144910759,1302.3341263714428,651.1670631857214,57.0
6,number-sector,prescribed knobs,40.0,0.5140503977796324,0.5310037985132706,0.07503563817233216,0.015426365525917127,40.69794144910759,1302.3341263714428,651.1670631857214,57.0
6,number-sector,prescribed knobs,40.5,0.5237826675677812,0.5418754850787969,0.05687861981581288,0.011597400708073432,40.69794144910759,1302.3341263714428,651.1670631857214,57.0
6,number-sector,prescribed knobs,41.0,0.5306245892094115,0.5522772427901615,0.07980232116630737,0.016397485049094402,40.69794144910759,1302.3341263714428,651.1670631857214,57.0
6,number-sector,prescribed knobs,41.5,0.5503714085713219,0.5621700801454219,0.08275637533166202,0.01707954773401541,40.69794144910759,1302.3341263714428,651.1670631857214,57.0
6,number-sector,prescribed knobs,42.0,0.5561153154846487,0.5715176947690401,0.042317409834013664,0.008611025581366158,40.69794144910759,1302.3341263714428,651.1670631857214,57.0
6,number-sector,prescribed knobs,42.5,0.558504825818357,0.5802865760740237,0.08612403879254937,0.017778602839799575,40.69794144910759,1302.3341263714428,651.1670631857214,57.0
6,number-sector,prescribed knobs,43.0,0.581138703025304,0.5884460934113086,0.08567494870402859,0.01773696912400312,40.69794144910759,1302.3341263714428,651.1670631857214,57.0
6,number-sector,prescribed knobs,43.5,0.5846106504919234,0.5959685693531205,0.035865089189880184,0.007304563138533871,40.69794144910759,1302.3341263714428,651.1670631857214,57.0
6,number-sector,prescribed knobs,44.0,0.5840362583548588,0.602829337912642,0.08885323010717805,0.018371168530170436,40.69794144910759,1302.3341263714428,651.1670631857214,57.0
6,number-sector,prescribed knobs,44.5,0.6052646056417912,0.6090067876608489,0.08403767276621943,0.017405009288762496,40.69794144910759,1302.3341263714428,651.1670631857214,57.0
6,number-sector,prescribed knobs,45.0,0.6079264546511832,0.6144823898591918,0.03996727036520675,0.008137379557792701,40.69794144910759,1302.3341263714428,651.1670631857214,57.0
6,number-sector,prescribed knobs,45.5,0.6066345383460249,0.6192407118802101,0.0862313052784004,0.017791315937265344,40.69794144910759,1302.3341263714428,651.1670631857214,57.0
6,number-sector,prescribed knobs,46.0,0.6225353531840332,0.623269416333682,0.07934781346910125,0.016378728618825365,40.69794144910759,1302.3341263714428,651.1670631857214,57.0
6,number-sector,prescribed knobs,46.5,0.6249731138482513,0.626559246450249,0.05310335302714675,0.010825310273980588,40.69794144910759,1302.3341263714428,651.1670631857214,57.0
6,number-sector,prescribed knobs,47.0,0.6252405937432015,0.6291039983947275,0.07811224097057379,0.01604859198399015,40.69794144910759,1302.3341263714428,651.1670631857214,57.0
6,number-sector,prescribed knobs,47.5,0.6333411326373257,0.6309004812849454,0.07356231133955404,0.015112598761865895,40.69794144910759,1302.3341263714428,651.1670631857214,57.0
6,number-sector,prescribed knobs,48.0,0.6351686466602459,0.6319484657769074,0.07055706213882262,0.014457059886656711,40.69794144910759,1302.3341263714428,651.1670631857214,57.0
6,number-sector,prescribed knobs,48.5,0.6385035647141352,0.6322506221418203,0.06625295780565188,0.013554558696043441,40.69794144910759,1302.3341263714428,651.1670631857214,57.0
6,number-sector,prescribed knobs,49.0,0.6382932004863004,0.6318124488040349,0.06862371983242732,0.014072049191848492,40.69794144910759,1302.3341263714428,651.1670631857214,57.0
6,number-sector,prescribed knobs,49.5,0.6385653785022373,0.6306421923308498,0.08664626091894845,0.017875172872187376,40.69794144910759,1302.3341263714428,651.1670631857214,57.0
6,number-sector,prescribed knobs,50.0,0.6450800770904577,0.628750759865543,0.054057050909511406,0.011029231980813589,40.69794144910759,1302.3341263714428,651.1670631857214,57.0
6,number-sector,prescribed knobs,50.5,0.637926932633651,0.6261516249747114,0.06600701190427216,0.01356288162251763,40.69794144910759,1302.3341263714428,651.1670631857214,57.0
6,number-sector,prescribed knobs,51.0,0.6357615429174553,0.6228607278412502,0.09690949666597592,0.02010482647753542,40.69794144910759,1302.3341263714428,651.1670631857214,57.0
6,number-sector,prescribed knobs,51.5,0.6439822792654968,0.6188963706769255,0.04567796551131498,0.00931330598464385,40.69794144910759,1302.3341263714428,651.1670631857214,57.0
6,number-sector,prescribed knobs,52.0,0.6325359822128449,0.6142791091557321,0.06612303147508614,0.01361462758084558,40.69794144910759,1302.3341263714428,651.1670631857214,57.0
6,number-sector,prescribed knobs,52.5,0.6276476563830556,0.6090316405836993,0.09921034543680751,0.02062655464687403,40.69794144910759,1302.3341263714428,651.1670631857214,57.0
6,number-sector,prescribed knobs,53.0,0.6349132992113787,0.6031786894255311,0.044448070392215766,0.009062075072545677,40.69794144910759,1302.3341263714428,651.1670631857214,57.0
6,number-sector,prescribed knobs,53.5,0.6221337361918158,0.5967468907065918,0.068039950021623,0.013997386029270462,40.69794144910759,1302.3341263714428,651.1670631857214,57.0
6,number-sector,prescribed knobs,54.0,0.615098829324758,0.58976467170367,0.09375950467991534,0.019450643173280498,40.69794144910759,1302.3341263714428,651.1670631857214,57.0
6,number-sector,prescribed knobs,54.5,0.6184274386379499,0.5822621322330499,0.0512567184497853,0.010448725980157681,40.69794144910759,1302.3341263714428,651.1670631857214,57.0
6,number-sector,prescribed knobs,55.0,0.6065943009212422,0.5742709237430892,0.06995400310302669,0.014357119033833382,40.69794144910759,1302.3341263714428,651.1670631857214,57.0
6,number-sector,prescribed knobs,55.5,0.5987277892775936,0.5658241273239497,0.08260399742417912,0.017044185674877397,40.69794144910759,1302.3341263714428,651.1670631857214,57.0
6,number-sector,prescribed knobs,56.0,0.5958005263952604,0.556956130662434,0.06404329857080682,0.013084379276672851,40.69794144910759,1302.3341263714428,651.1670631857214,57.0
6,number-sector,prescribed knobs,56.5,0.5859513803833925,0.5477025038976834,0.07023689042067205,0.014396253503850369,40.69794144910759,1302.3341263714428,651.1670631857214,57.0
6,number-sector,prescribed knobs,57.0,0.5787931030044677,0.5380998742762197,0.06901881451844194,0.014162569214998094,40.69794144910759,1302.3341263714428,651.1670631857214,57.0
6,number-sector,prescribed knobs,57.5,0.5687087154880089,0.5281857994642867,0.0787844298605671,0.01618244188300874,40.69794144910759,1302.3341263714428,651.1670631857214,57.0
6,number-sector,prescribed knobs,58.0,0.5606696989296656,0.5179986393531062,0.06843868491532878,0.014034486459790947,40.69794144910759,1302.3341263714428,651.1670631857214,57.0
6,number-sector,prescribed knobs,58.5,0.5552887162595064,0.5075774261893521,0.056834382495871694,0.011638621894040793,40.69794144910759,1302.3341263714428,651.1670631857214,57.0
6,number-sector,prescribed knobs,59.0,0.5388913510957589,0.4969617328791438,0.0910955977220298,0.01882320376244679,40.69794144910759,1302.3341263714428,651.1670631857214,57.0
6,number-sector,prescribed knobs,59.5,0.5317215600157762,0.4861915393488927,0.06562148588956285,0.013472419546098817,40.69794144910759,1302.3341263714428,651.1670631857214,57.0
6,number-sector,prescribed knobs,60.0,0.5281743440292129,0.47530709689952244,0.04951619273992125,0.010163519867152122,40.69794144910759,1302.3341263714428,651.1670631857214,57.0
6,number-sector,prescribed knobs,60.5,0.5078685506383417,0.4643487905605082,0.09752042862944621,0.02021974532240514,40.69794144910759,1302.3341263714428,651.1670631857214,57.0
6,number-sector,prescribed knobs,61.0,0.5004695244389019,0.45335699953488845,0.06371282054198546,0.013083007593837851,40.69794144910759,1302.3341263714428,651.1670631857214,57.0
6,number-sector,prescribed knobs,61.5,0.4976700428269055,0.4423719559234811,0.04900544074402091,0.01007763129348501,40.69794144910759,1302.3341263714428,651.1670631857214,57.0
6,number-sector,prescribed knobs,62.0,0.4767409201441714,0.4314336020231181,0.0963309411329969,0.0199583304025637,40.69794144910759,1302.3341263714428,651.1670631857214,57.0
6,number-sector,prescribed knobs,62.5,0.468431718075549,0.42058144660665703,0.06422791921647608,0.013175217834736751,40.69794144910759,1302.3341263714428,651.1670631857214,57.0
6,number-sector,prescribed knobs,63.0,0.46449971093056425,0.40985442070833916,0.054836344462531494,0.01125220058082654,40.69794144910759,1302.3341263714428,651.1670631857214,57.0
6,number-sector,prescribed knobs,63.5,0.44615305293175983,0.399290733553168,0.08793873670632646,0.018143130568104304,40.69794144910759,1302.3341263714428,651.1670631857214,57.0
6,number-sector,prescribed knobs,64.0,0.43699696577777947,0.38892772937966197,0.06734012053816107,0.013805784042089228,40.69794144910759,1302.3341263714428,651.1670631857214,57.0
6,number-sector,prescribed knobs,64.5,0.42996764209205707,0.37880174600792876,0.06429947491391164,0.01316294536880945,40.69794144910759,1302.3341263714428,651.1670631857214,57.0
6,number-sector,prescribed knobs,65.0,0.4164573652012746,0.3689479760959735,0.07486392566566302,0.015365223899147792,40.69794144910759,1302.3341263714428,651.1670631857214,57.0
6,number-sector,prescribed knobs,65.5,0.40718911604251706,0.35940033210315103,0.07196158499720429,0.014768525747522498,40.69794144910759,1302.3341263714428,651.1670631857214,57.0
6,number-sector,prescribed knobs,66.0,0.39583316659560974,0.3501913160377009,0.07377214413979138,0.015123828916340478,40.69794144910759,1302.3341263714428,651.1670631857214,57.0
6,number-sector,prescribed knobs,66.5,0.38796888445266303,0.3413518951027424,0.061153793441280246,0.012510959633403797,40.69794144910759,1302.3341263714428,651.1670631857214,57.0
6,number-sector,prescribed knobs,67.0,0.37958947203701904,0.33291138436982093,0.07647952356603405,0.01572496965303407,40.69794144910759,1302.3341263714428,651.1670631857214,57.0
6,number-sector,prescribed knobs,67.5,0.36404005272877804,0.3248973375994854,0.08034163624934898,0.016536932881763625,40.69794144910759,1302.3341263714428,651.1670631857214,57.0
6,number-sector,prescribed knobs,68.0,0.36115730961559306,0.31733544729346813,0.05120507017485121,0.01047949498546865,40.69794144910759,1302.3341263714428,651.1670631857214,57.0
6,number-sector,prescribed knobs,68.5,0.35443759122570506,0.31024945500243106,0.07944560207392926,0.016358591137298043,40.69794144910759,1302.3341263714428,651.1670631857214,57.0
6,number-sector,prescribed knobs,69.0,0.3363779988969308,0.30366107282729327,0.08271165193451013,0.017068560601283828,40.69794144910759,1302.3341263714428,651.1670631857214,57.0
6,number-sector,prescribed knobs,69.5,0.33671271761770166,0.2975899169417753,0.048131582879550994,0.009867105196942933,40.69794144910759,1302.3341263714428,651.1670631857214,57.0
6,number-sector,prescribed knobs,70.0,0.3318401498658527,0.2920534538306637,0.07999197121871982,0.016477031498863107,40.69794144910759,1302.3341263714428,651.1670631857214,57.0
6,number-sector,prescribed knobs,70.5,0.31415270787148136,0.2870669597846366,0.08116536475933667,0.016730956229827645,40.69794144910759,1302.3341263714428,651.1670631857214,57.0
6,number-sector,prescribed knobs,71.0,0.31549926603952616,0.28264349402117145,0.05232546120144499,0.010725607012002243,40.69794144910759,1302.3341263714428,651.1670631857214,57.0
6,number-sector,prescribed knobs,71.5,0.31200148499266206,0.27879388561544655,0.07802441917137126,0.01605293646809824,40.69794144910759,1302.3341263714428,651.1670631857214,57.0
6,number-sector,prescribed knobs,72.0,0.2979700584072127,0.27552673422909246,0.0770711082432407,0.015837042441153797,40.69794144910759,1302.3341263714428,651.1670631857214,57.0
6,number-sector,prescribed knobs,72.5,0.29842395977752734,0.27284842442236623,0.06125595833120889,0.012550901250336465,40.69794144910759,1302.3341263714428,651.1670631857214,57.0
6,number-sector,prescribed knobs,73.0,0.295397259958639,0.2707631531312849,0.07416465052681531,0.01521945660938502,40.69794144910759,1302.3341263714428,651.1670631857214,57.0
6,number-sector,prescribed knobs,73.5,0.28772678717057426,0.26927296969015935,0.07236392957149973,0.014838556605708077,40.69794144910759,1302.3341263714428,651.1670631857214,57.0
6,number-sector,prescribed knobs,74.0,0.28625906109282506,0.26837782758650197,0.07087380472733584,0.01453848747430476,40.69794144910759,1302.3341263714428,651.1670631857214,57.0
6,number-sector,prescribed knobs,74.5,0.28281599912573385,0.2680756469541562,0.06951079954736139,0.014227962313758767,40.69794144910759,1302.3341263714428,651.1670631857214,57.0
6,number-sector,prescribed knobs,75.0,0.28280684623784863,0.2683623866461816,0.06897964756703623,0.014146389357453357,40.69794144910759,1302.3341263714428,651.1670631857214,57.0
6,number-sector,prescribed knobs,75.5,0.2794876631909341,0.2692321245857763,0.07764411615097222,0.01595231896421149,40.69794144910759,1302.3341263714428,651.1670631857214,57.0
6,number-sector,prescribed knobs,76.0,0.27523640389712556,0.27067714497514234,0.06538359475545363,0.01337051500031911,40.69794144910759,1302.3341263714428,651.1670631857214,57.0
6,number-sector,prescribed knobs,76.5,0.2823900568400764,0.272688030852047,0.06814886250411012,0.014000566195385073,40.69794144910759,1302.3341263714428,651.1670631857214,57.0
6,number-sector,prescribed knobs,77.0,0.2782359761965915,0.27525376042465133,0.07989427608992494,0.01641303809025114,40.69794144910759,1302.3341263714428,651.1670631857214,57.0
6,number-sector,prescribed knobs,77.5,0.27358210921279397,0.27836180558906604,0.06301532849853242,0.012888302193325178,40.69794144910759,1302.3341263714428,651.1670631857214,57.0
6,number-sector,prescribed knobs,78.0,0.28575482388839674,0.28199823104239363,0.06981372603333103,0.014377189427360758,40.69794144910759,1302.3341263714428,651.1670631857214,57.0
6,number-sector,prescribed knobs,78.5,0.28229930564768,0.28614779244732924,0.07805082827802123,0.016002791834389636,40.69794144910759,1302.3341263714428,651.1670631857214,57.0
6,number-sector,prescribed knobs,79.0,0.27844188142108656,0.2907940321824597,0.06308519570921234,0.012900507072532869,40.69794144910759,1302.3341263714428,651.1670631857214,57.0
6,number-sector,prescribed knobs,79.5,0.2924845724576285,0.29591937132419416,0.07258220381489522,0.014966751720648815,40.69794144910759,1302.3341263714428,651.1670631857214,57.0
6,number-sector,prescribed knobs,80.0,0.2912302679561691,0.30150519664988384,0.07409522129380008,0.015165324929339976,40.69794144910759,1302.3341263714428,651.1670631857214,57.0
6,number-sector,prescribed knobs,80.5,0.28985141911944345,0.30753194162448694,0.06536364257014193,0.013367652770432203,40.69794144910759,1302.3341263714428,651.1670631857214,57.0
6,number-sector,prescribed knobs,81.0,0.3025352970462841,0.31397916053169717,0.07433887379029702,0.015306834852482704,40.69794144910759,1302.3341263714428,651.1670631857214,57.0
6,number-sector,prescribed knobs,81.5,0.30447009091973976,0.32082559513067577,0.07059387755704594,0.01445625803854075,40.69794144910759,1302.3341263714428,651.1670631857214,57.0
6,number-sector,prescribed knobs,82.0,0.30721344010852203,0.3280492334567087,0.06884672585434759,0.014097049530998117,40.69794144910759,1302.3341263714428,651.1670631857214,57.0
6,number-sector,prescribed knobs,82.5,0.316161133358862,0.33562736063304643,0.07327345879601255,0.015033942424838317,40.69794144910759,1302.3341263714428,651.1670631857214,57.0
6,number-sector,prescribed knobs,83.0,0.3215022468901861,0.3435366018162668,0.06956976710379048,0.01428105150734693,40.69794144910759,1302.3341263714428,651.1670631857214,57.0
6,number-sector,prescribed knobs,83.5,0.329385091030875,0.3517529576528353,0.0722882739069095,0.014816193710929846,40.69794144910759,1302.3341263714428,651.1670631857214,57.0
6,number-sector,prescribed knobs,84.0,0.33372492824834704,0.36025183287412005,0.0689215467797506,0.01409579198134027,40.69794144910759,1302.3341263714428,651.1670631857214,57.0
6,number-sector,prescribed knobs,84.5,0.34196193579297,0.3690080588948649,0.07163323799208698,0.014744114825589507,40.69794144910759,1302.3341263714428,651.1670631857214,57.0
6,number-sector,prescribed knobs,85.0,0.35490736792697813,0.3779959115001694,0.0746847632668477,0.015298548126696688,40.69794144910759,1302.3341263714428,651.1670631857214,57.0
6,number-sector,prescribed knobs,85.5,0.35545827007352343,0.38718912490267543,0.06270872441016906,0.012809607098322644,40.69794144910759,1302.3341263714428,651.1670631857214,57.0
6,number-sector,prescribed knobs,86.0,0.36563056939265765,0.3965609036196961,0.07575326014570061,0.015626043975759743,40.69794144910759,1302.3341263714428,651.1670631857214,57.0
6,number-sector,prescribed knobs,86.5,0.3823153988084708,0.4060839337547209,0.07551465703281379,0.015450332282651637,40.69794144910759,1302.3341263714428,651.1670631857214,57.0
6,number-sector,prescribed knobs,87.0,0.3812491885719687,0.4157303953650049,0.057517776151736366,0.011749357909474262,40.69794144910759,1302.3341263714428,651.1670631857214,57.0
6,number-sector,prescribed knobs,87.5,0.3923176707655613,0.42547197765351163,0.07970886549787404,0.016462726228711925,40.69794144910759,1302.3341263714428,651.1670631857214,57.0
6,number-sector,prescribed knobs,88.0,0.41043414593643107,0.4352798987368277,0.07482236541550946,0.015304957870082589,40.69794144910759,1302.3341263714428,651.1670631857214,57.0
6,number-sector,prescribed knobs,88.5,0.41050975336180834,0.4451249317092809,0.056267338070084216,0.011490333878567956,40.69794144910759,1302.3341263714428,651.1670631857214,57.0
6,number-sector,prescribed knobs,89.0,0.4216974260041047,0.4549774386467794,0.08099936892048798,0.016724426252741217,40.69794144910759,1302.3341263714428,651.1670631857214,57.0
6,number-sector,prescribed knobs,89.5,0.43855478500309275,0.4648074140722738,0.07316717037147458,0.014978157520812427,40.69794144910759,1302.3341263714428,651.1670631857214,57.0
6,number-sector,prescribed knobs,90.0,0.44216896386284277,0.4745845392397268,0.06028894231562121,0.012311640540657073,40.69794144910759,1302.3341263714428,651.1670631857214,57.0
6,number-sector,prescribed knobs,90.5,0.45317057315209175,0.4842782483874364,0.07790792410002723,0.016052958058256194,40.69794144910759,1302.3341263714428,651.1670631857214,57.0
6,number-sector,prescribed knobs,91.0,0.4664383112898142,0.4938578078680369,0.0714067886223434,0.01463534453902387,40.69794144910759,1302.3341263714428,651.1670631857214,57.0
6,number-sector,prescribed knobs,91.5,0.47483423820026754,0.5032924087857833,0.06858651532108428,0.01403316736135238,40.69794144910759,1302.3341263714428,651.1670631857214,57.0
6,number-sector,prescribed knobs,92.0,0.4857945622153038,0.5125512734670474,0.0703804026407463,0.01445235386095747,40.69794144910759,1302.3341263714428,651.1670631857214,57.0
6,number-sector,prescribed knobs,92.5,0.49415826564732607,0.5216037757632875,0.0704104262107843,0.014452071120031962,40.69794144910759,1302.3341263714428,651.1670631857214,57.0
6,number-sector,prescribed knobs,93.0,0.5070752773517885,0.5304195748436429,0.07836453267150478,0.016091149151166443,40.69794144910759,1302.3341263714428,651.1670631857214,57.0
6,number-sector,prescribed knobs,93.5,0.5183045892196456,0.5389687617838892,0.060385975897513045,0.012352306203579036,40.69794144910759,1302.3341263714428,651.1670631857214,57.0
6,number-sector,prescribed knobs,94.0,0.5218414232944264,0.5472220179071817,0.07075743781390331,0.014544233522469589,40.69794144910759,1302.3341263714428,651.1670631857214,57.0
6,number-sector,prescribed knobs,94.5,0.5376810744342609,0.5551507834874843,0.0862954271078189,0.017780497316691228,40.69794144910759,1302.3341263714428,651.1670631857214,57.0
6,number-sector,prescribed knobs,95.0,0.5492448373190633,0.562727435096519,0.05148257720439198,0.010502798737795072,40.69794144910759,1302.3341263714428,651.1670631857214,57.0
6,number-sector,prescribed knobs,95.5,0.549392006896172,0.5699254695670596,0.07238101143745213,0.014888958925399062,40.69794144910759,1302.3341263714428,651.1670631857214,57.0
6,number-sector,prescribed knobs,96.0,0.5657747625567653,0.5767196922666955,0.08975709050453307,0.018520975337370064,40.69794144910759,1302.3341263714428,651.1670631857214,57.0
6,number-sector,prescribed knobs,96.5,0.5771969078438297,0.5830864071336845,0.04749969830379097,0.009688859139179714,40.69794144910759,1302.3341263714428,651.1670631857214,57.0
6,number-sector,prescribed knobs,97.0,0.5762802127964523,0.5890036057263892,0.0743322814452746,0.015285375586172415,40.69794144910759,1302.3341263714428,651.1670631857214,57.0
6,number-sector,prescribed knobs,97.5,0.590785777873045,0.5944511523855682,0.08761949630607746,0.018059344679162103,40.69794144910759,1302.3341263714428,651.1670631857214,57.0
6,number-sector,prescribed knobs,98.0,0.6010252715312321,0.5994109625090931,0.050767332351582484,0.010373921698422488,40.69794144910759,1302.3341263714428,651.1670631857214,57.0
6,number-sector,prescribed knobs,98.5,0.6014683717286818,0.6038671708950386,0.07502580851368845,0.015408037667767804,40.69794144910759,1302.3341263714428,651.1670631857214,57.0
6,number-sector,prescribed knobs,99.0,0.6123344618351013,0.6078062871241963,0.0805522752517216,0.016560163653181605,40.69794144910759,1302.3341263714428,651.1670631857214,57.0
6,number-sector,prescribed knobs,99.5,0.6200454335323398,0.6112173350281455,0.06089525248505534,0.012479128913201163,40.69794144910759,1302.3341263714428,651.1670631857214,57.0
6,number-sector,prescribed knobs,100.0,0.6235406929666606,0.6140919734243542,0.07302271697466522,0.014964803194010296,40.69794144910759,1302.3341263714428,651.1670631857214,57.0
6,number-sector,prescribed knobs,100.5,0.6300848850785397,0.616424595494262,0.07090839284213368,0.014549777521294006,40.69794144910759,1302.3341263714428,651.1670631857214,57.0
6,number-sector,prescribed knobs,101.0,0.6340702028430879,0.6182124044316348,0.07489801806990026,0.015408704731210787,40.69794144910759,1302.3341263714428,651.1670631857214,57.0
6,number-sector,prescribed knobs,101.5,0.6410198945434737,0.6194554632932161,0.0679669133429801,0.013893734760186153,40.69794144910759,1302.3341263714428,651.1670631857214,57.0
6,number-sector,prescribed knobs,102.0,0.6436288724983422,0.6201567173371523,0.06204939430742884,0.012727012003445021,40.69794144910759,1302.3341263714428,651.1670631857214,57.0
6,number-sector,prescribed knobs,102.5,0.643330849486017,0.620321987531148,0.08844511953068679,0.01826300827418465,40.69794144910759,1302.3341263714428,651.1670631857214,57.0
6,number-sector,prescribed knobs,103.0,0.6527297327013553,0.6199599343451265,0.06117534010131387,0.012483122934446414,40.69794144910759,1302.3341263714428,651.1670631857214,57.0
6,number-sector,prescribed knobs,103.5,0.6524611173053649,0.6190819914047678,0.05702726528294566,0.011699906971071181,40.69794144910759,1302.3341263714428,651.1670631857214,57.0
6,number-sector,prescribed knobs,104.0,0.6482890634907537,0.617702269064448,0.09736344409793352,0.020136451488445582,40.69794144910759,1302.3341263714428,651.1670631857214,57.0
6,number-sector,prescribed knobs,104.5,0.6580494990332959,0.6158374284520005,0.05544410411731293,0.01131251574927092,40.69794144910759,1302.3341263714428,651.1670631857214,57.0
6,number-sector,prescribed knobs,105.0,0.6560622033357809,0.6135065270341614,0.057164726667275234,0.011730871368661123,40.69794144910759,1302.3341263714428,651.1670631857214,57.0
6,number-sector,prescribed knobs,105.5,0.649393842518791,0.6107308372411826,0.09881455979565723,0.020414609004961136,40.69794144910759,1302.3341263714428,651.1670631857214,57.0
6,number-sector,prescribed knobs,106.0,0.6570024186371682,0.6075336401624839,0.05387091691338053,0.011005013308712976,40.69794144910759,1302.3341263714428,651.1670631857214,57.0
6,number-sector,prescribed knobs,106.5,0.6540580522029452,0.6039399967731264,0.06150178044731758,0.012618997875432504,40.69794144910759,1302.3341263714428,651.1670631857214,57.0
6,number-sector,prescribed knobs,107.0,0.6468825387738152,0.5999764995644813,0.09207651132484629,0.018974849774773893,40.69794144910759,1302.3341263714428,651.1670631857214,57.0
6,number-sector,prescribed knobs,107.5,0.6501843818997259,0.5956710078233752,0.058223341709708,0.011917932487543954,40.69794144910759,1302.3341263714428,651.1670631857214,57.0
6,number-sector,prescribed knobs,108.0,0.6464091169153022,0.5910523701246103,0.06745166522090695,0.013821609072323075,40.69794144910759,1302.3341263714428,651.1670631857214,57.0
6,number-sector,prescribed knobs,108.5,0.6407163972909764,0.5861501378653474,0.07891144771595315,0.01622747592299002,40.69794144910759,1302.3341263714428,651.1670631857214,57.0
6,number-sector,prescribed knobs,109.0,0.6385625889941041,0.5809942738706373,0.06794639124493795,0.013950271840751175,40.69794144910759,1302.3341263714428,651.1670631857214,57.0
6,number-sector,prescribed knobs,109.5,0.6335686732923339,0.575614860232815,0.07211889312312503,0.01474788593285803,40.69794144910759,1302.3341263714428,651.1670631857214,57.0
6,number-sector,prescribed knobs,110.0,0.6306773970133317,0.5700418096101603,0.06327941995143616,0.013003019593733083,40.69794144910759,1302.3341263714428,651.1670631857214,57.0
6,number-sector,prescribed knobs,110.5,0.623222384762055,0.5643045842001272,0.08034811022953647,0.016552007887200012,40.69794144910759,1302.3341263714428,651.1670631857214,57.0
6,number-sector,prescribed knobs,111.0,0.616517780510825,0.5584319265188842,0.07363082647744468,0.015039695418076916,40.69794144910759,1302.3341263714428,651.1670631857214,57.0
6,number-sector,prescribed knobs,111.5,0.6165792961202865,0.5524516059625566,0.050146338611925856,0.010305794504311542,40.69794144910759,1302.3341263714428,651.1670631857214,57.0
6,number-sector,prescribed knobs,112.0,0.6051582768052777,0.5463901848985855,0.09155470797812193,0.01890088687051232,40.69794144910759,1302.3341263714428,651.1670631857214,57.0
6,number-sector,prescribed knobs,112.5,0.5966055415624818,0.5402728077413625,0.07201471793818859,0.01471394310208506,40.69794144910759,1302.3341263714428,651.1670631857214,57.0
6,number-sector,prescribed knobs,113.0,0.5984929016106819,0.5341230161096089,0.04363078859128855,0.008968250110608112,40.69794144910759,1302.3341263714428,651.1670631857214,57.0
6,number-sector,prescribed knobs,113.5,0.5851519857959788,0.5279625927497028,0.09769664407897793,0.020169553686753106,40.69794144910759,1302.3341263714428,651.1670631857214,57.0
6,number-sector,prescribed knobs,114.0,0.5752392560068639,0.5218114364464419,0.06909548446071678,0.014126452491073077,40.69794144910759,1302.3341263714428,651.1670631857214,57.0
6,number-sector,prescribed knobs,114.5,0.5768862849608997,0.5156874696385243,0.04540391661752352,0.009335022632027087,40.69794144910759,1302.3341263714428,651.1670631857214,57.0
6,number-sector,prescribed knobs,115.0,0.5637436281479997,0.5096065799192264,0.09613724979804206,0.019810584764106902,40.69794144910759,1302.3341263714428,651.1670631857214,57.0
6,number-sector,prescribed knobs,115.5,0.5535691158258825,0.5035825960427984,0.0673037930868624,0.0137629444084677,40.69794144910759,1302.3341263714428,651.1670631857214,57.0
6,number-sector,prescribed knobs,116.0,0.552639375913246,0.4976272984839679,0.054214075638302495,0.011148622100145854,40.69794144910759,1302.3341263714428,651.1670631857214,57.0
6,number-sector,prescribed knobs,116.5,0.5413047036391777,0.49175046402188166,0.08655131667442961,0.0177844602859537,40.69794144910759,1302.3341263714428,651.1670631857214,57.0
6,number-sector,prescribed knobs,117.0,0.5322834614797203,0.48595994325110303,0.06824878497394038,0.013967083992775782,40.69794144910759,1302.3341263714428,651.1670631857214,57.0
6,number-sector,prescribed knobs,117.5,0.5269483876647186,0.4802617693711808,0.06659370505979068,0.01368556337038349,40.69794144910759,1302.3341263714428,651.1670631857214,57.0
6,number-sector,prescribed knobs,118.0,0.5181903437615236,0.47466029608264604,0.0713979741355737,0.014636496632403429,40.69794144910759,1302.3341263714428,651.1670631857214,57.0
6,number-sector,prescribed knobs,118.5,0.5115574558166146,0.469158361930495,0.07206355063336223,0.01478312313121489,40.69794144910759,1302.3341263714428,651.1670631857214,57.0
6,number-sector,prescribed knobs,119.0,0.5011492960880974,0.4637574779949971,0.07823625510608512,0.01605162456991194,40.69794144910759,1302.3341263714428,651.1670631857214,57.0
6,number-sector,prescribed knobs,119.5,0.4948828639990481,0.4584580354418464,0.05535912808486232,0.011346253118397733,40.69794144910759,1302.3341263714428,651.1670631857214,57.0
6,number-sector,prescribed knobs,120.0,0.49117101659968077,0.45325952911617423,0.07756880359758855,0.015966724846683582,40.69794144910759,1302.3341263714428,651.1670631857214,57.0
6,number-sector,prescribed knobs,120.5,0.4764931963382381,0.4481607931034525,0.08555655853647248,0.017517418135858276,40.69794144910759,1302.3341263714428,651.1670631857214,57.0
6,number-sector,prescribed knobs,121.0,0.47202303620858216,0.44316024398939247,0.04373564332459201,0.008979256245178136,40.69794144910759,1302.3341263714428,651.1670631857214,57.0
6,number-sector,prescribed knobs,121.5,0.4707633204742298,0.43825612743375003,0.08272918787738892,0.017074121857518876,40.69794144910759,1302.3341263714428,651.1670631857214,57.0
6,number-sector,prescribed knobs,122.0,0.4539275456820947,0.4334467636313492,0.08695351662062478,0.0177760226991759,40.69794144910759,1302.3341263714428,651.1670631857214,57.0
6,number-sector,prescribed knobs,122.5,0.45030716616634825,0.42873078726803887,0.04036876689282365,0.008293858578110458,40.69794144910759,1302.3341263714428,651.1670631857214,57.0
6,number-sector,prescribed knobs,123.0,0.45011254055877775,0.4241073776887643,0.085236046546872,0.017590340075204325,40.69794144910759,1302.3341263714428,651.1670631857214,57.0
6,number-sector,prescribed knobs,123.5,0.43395174833699884,0.41957647517712315,0.0832101620325627,0.017005879651614528,40.69794144910759,1302.3341263714428,651.1670631857214,57.0
6,number-sector,prescribed knobs,124.0,0.4303364212927865,0.4151389794970294,0.04609330761634456,0.00946821363091253,40.69794144910759,1302.3341263714428,651.1670631857214,57.0
6,number-sector,prescribed knobs,124.5,0.4293371295294904,0.4107969271625671,0.08329832891539524,0.01712966375073241,40.69794144910759,1302.3341263714428,651.1670631857214,57.0
6,number-sector,prescribed knobs,125.0,0.4165975365628639,0.406553644275719,0.07686202952020238,0.015725287380993536,40.69794144910759,1302.3341263714428,651.1670631857214,57.0
6,number-sector,prescribed knobs,125.5,0.41251622411933014,0.4024138721963924,0.058549835754528656,0.012038507185220582,40.69794144910759,1302.3341263714428,651.1670631857214,57.0
6,number-sector,prescribed knobs,126.0,0.4089894687880675,0.39838386377713925,0.07646009136558207,0.015641615709457712,40.69794144910759,1302.3341263714428,651.1670631857214,57.0
6,number-sector,prescribed knobs,126.5,0.4015533339303021,0.3944714483975216,0.07099206349137555,0.014553888686803799,40.69794144910759,1302.3341263714428,651.1670631857214,57.0
6,number-sector,prescribed knobs,127.0,0.3970278228572364,0.39068606456110316,0.07332484768155612,0.0150805635466834,40.69794144910759,1302.3341263714428,651.1670631857214,57.0
6,number-sector,prescribed knobs,127.5,0.39002677810132746,0.38703875936200877,0.0661058210242167,0.013480812187338693,40.69794144910759,1302.3341263714428,651.1670631857214,57.0
6,number-sector,prescribed knobs,128.0,0.3884080305435008,0.38354215467818775,0.06799738770151698,0.013980033432141251,40.69794144910759,1302.3341263714428,651.1670631857214,57.0
6,number-sector,prescribed knobs,128.5,0.3838561550170209,0.3802103804953226,0.08567135438377416,0.017585931851243568,40.69794144910759,1302.3341263714428,651.1670631857214,57.0
6,number-sector,prescribed knobs,129.0,0.37363772675817747,0.3770589762991641,0.055372035281906706,0.011306267821845269,40.69794144910759,1302.3341263714428,651.1670631857214,57.0
6,number-sector,prescribed knobs,129.5,0.3769134784737822,0.37410476198594433,0.0686615313901916,0.014164080852868395,40.69794144910759,1302.3341263714428,651.1670631857214,57.0
6,number-sector,prescribed knobs,130.0,0.3728815811345935,0.37136568022179045,0.09208975752741655,0.018851669136375978,40.69794144910759,1302.3341263714428,651.1670631857214,57.0
6,number-sector,prescribed knobs,130.5,0.36097039811473225,0.36886061262485853,0.04819721003222588,0.009872816410933561,40.69794144910759,1302.3341263714428,651.1670631857214,57.0
6,number-sector,prescribed knobs,131.0,0.36713484578333966,0.3666091725412715,0.07185652406011589,0.014851617412594801,40.69794144910759,1302.3341263714428,651.1670631857214,57.0
6,number-sector,prescribed knobs,131.5,0.3640313778279942,0.36463147753168573,0.09138113795777958,0.01868357903589064,40.69794144910759,1302.3341263714428,651.1670631857214,57.0
6,number-sector,prescribed knobs,132.0,0.3528671476371503,0.3629479049745242,0.04763783927249621,0.009761535046297773,40.69794144910759,1302.3341263714428,651.1670631857214,57.0
6,number-sector,prescribed knobs,132.5,0.35945462125790656,0.3615788344206193,0.07507657011965208,0.015495372921397386,40.69794144910759,1302.3341263714428,651.1670631857214,57.0
6,number-sector,prescribed knobs,133.0,0.3574308037506418,0.36054438049955884,0.08488593554362422,0.017374221476272406,40.69794144910759,1302.3341263714428,651.1670631857214,57.0
6,number-sector,prescribed knobs,133.5,0.34968676978424723,0.3598641202789201,0.05437121648234022,0.01112309122219909,40.69794144910759,1302.3341263714428,651.1670631857214,57.0
6,number-sector,prescribed knobs,134.0,0.3545026380685262,0.35955681901352615,0.07560979679506452,0.015542186541992308,40.69794144910759,1302.3341263714428,651.1670631857214,57.0
6,number-sector,prescribed knobs,134.5,0.35348697749507735,0.3596401581938043,0.07575032568948481,0.01554155635246781,40.69794144910759,1302.3341263714428,651.1670631857214,57.0
6,number-sector,prescribed knobs,135.0,0.3512659686206171,0.3601304697123559,0.06637355352146923,0.013578780048839743,40.69794144910759,1302.3341263714428,651.1670631857214,57.0
6,number-sector,prescribed knobs,135.5,0.3530545447226988,0.36104247981910514,0.07190212950938912,0.014718416685429198,40.69794144910759,1302.3341263714428,651.1670631857214,57.0
6,number-sector,prescribed knobs,136.0,0.35287741334097483,0.36238906633204415,0.06752486739999419,0.013890303432845095,40.69794144910759,1302.3341263714428,651.1670631857214,57.0
6,number-sector,prescribed knobs,136.5,0.357057518903941,0.36418103231772153,0.07982048639065009,0.01635861129520973,40.69794144910759,1302.3341263714428,651.1670631857214,57.0
6,number-sector,prescribed knobs,137.0,0.3558703770932704,0.3664268991589975,0.06460405451730511,0.013195145896509447,40.69794144910759,1302.3341263714428,651.1670631857214,57.0
6,number-sector,prescribed knobs,137.5,0.35643384038843157,0.36913272159374083,0.06278271645096567,0.012946801620822224,40.69794144910759,1302.3341263714428,651.1670631857214,57.0
6,number-sector,prescribed knobs,138.0,0.36639594418807225,0.37230192694395653,0.09052198897463193,0.018590687454323268,40.69794144910759,1302.3341263714428,651.1670631857214,57.0
6,number-sector,prescribed knobs,138.5,0.3634927443083368,0.37593518036766976,0.0566532569280066,0.011570743537177623,40.69794144910759,1302.3341263714428,651.1670631857214,57.0
6,number-sector,prescribed knobs,139.0,0.3649335021013142,0.3800302775631762,0.06231933956758717,0.012872498286816636,40.69794144910759,1302.3341263714428,651.1670631857214,57.0
6,number-sector,prescribed knobs,139.5,0.3787481536392523,0.3845820659445579,0.09528727051115293,0.019595066508385287,40.69794144910759,1302.3341263714428,651.1670631857214,57.0
6,number-sector,prescribed knobs,140.0,0.3761011544896674,0.3895823948960169,0.051980233239837026,0.010623189076746838,40.69794144910759,1302.3341263714428,651.1670631857214,57.0
6,number-sector,prescribed knobs,140.5,0.37885950190957823,0.39502009530777027,0.06509905955694317,0.013444230261699197,40.69794144910759,1302.3341263714428,651.1670631857214,57.0
6,number-sector,prescribed knobs,141.0,0.39384398459542735,0.4008809882046682,0.0928741359448374,0.01909498916264754,40.69794144910759,1302.3341263714428,651.1670631857214,57.0
6,number-sector,prescribed knobs,141.5,0.393474564274442,0.40714792190660476,0.05344191856870695,0.010921562498277112,40.69794144910759,1302.3341263714428,651.1670631857214,57.0
6,number-sector,prescribed knobs,142.0,0.3982122074485598,0.4138008368127223,0.0688540799708266,0.01419104981453481,40.69794144910759,1302.3341263714428,651.1670631857214,57.0
6,number-sector,prescribed knobs,142.5,0.411685201774817,0.4208168565842829,0.08428746736705461,0.017303351305646506,40.69794144910759,1302.3341263714428,651.1670631857214,57.0
6,number-sector,prescribed knobs,143.0,0.4150426836781138,0.42817040421792185,0.06132372174495093,0.012536411959862076,40.69794144910759,1302.3341263714428,651.1670631857214,57.0
6,number-sector,prescribed knobs,143.5,0.4224233988777326,0.43583334125505246,0.07114622461339393,0.014621490744999422,40.69794144910759,1302.3341263714428,651.1670631857214,57.0
6,number-sector,prescribed knobs,144.0,0.4324566853791528,0.4437751281667918,0.07241051871136828,0.014849448819469724,40.69794144910759,1302.3341263714428,651.1670631857214,57.0
6,number-sector,prescribed knobs,144.5,0.44001215588489156,0.45196300378836707,0.07322496743346762,0.015004137045868025,40.69794144910759,1302.3341263714428,651.1670631857214,57.0
6,number-sector,prescribed knobs,145.0,0.4503960490640901,0.46036218155309,0.070564801290939,0.014464181945823608,40.69794144910759,1302.3341263714428,651.1670631857214,57.0
6,number-sector,prescribed knobs,145.5,0.45634447624034147,0.46893606019333417,0.061121116037627266,0.012553965540671208,40.69794144910759,1302.3341263714428,651.1670631857214,57.0
6,number-sector,prescribed knobs,146.0,0.4675311166302215,0.4776464465334025,0.08515270820134124,0.01751170913983619,40.69794144910759,1302.3341263714428,651.1670631857214,57.0
6,number-sector,prescribed knobs,146.5,0.4806741333104037,0.4864537879948013,0.06749436517600527,0.01381187457410718,40.69794144910759,1302.3341263714428,651.1670631857214,57.0
6,number-sector,prescribed knobs,147.0,0.48329712743021447,0.49531741246569316,0.054000749224695554,0.011131428866629408,40.69794144910759,1302.3341263714428,651.1670631857214,57.0
6,number-sector,prescribed knobs,147.5,0.496787130907288,0.5041957732499877,0.09312788228274005,0.019203363781919346,40.69794144910759,1302.3341263714428,651.1670631857214,57.0
6,number-sector,prescribed knobs,148.0,0.5117001764203559,0.513046696903987,0.06389814591961651,0.013068436479769413,40.69794144910759,1302.3341263714428,651.1670631857214,57.0
6,number-sector,prescribed knobs,148.5,0.5128189829094645,0.5218276318856592,0.052943054405582335,0.010931985737697016,40.69794144910759,1302.3341263714428,651.1670631857214,57.0
6,number-sector,prescribed knobs,149.0,0.5269800917909214,0.530495896079135,0.09455792429322352,0.019499217000969512,40.69794144910759,1302.3341263714428,651.1670631857214,57.0
6,number-sector,prescribed knobs,149.5,0.5420663207782452,0.5390089214104069,0.06218920961290919,0.01272319255074036,40.69794144910759,1302.3341263714428,651.1670631857214,57.0
6,number-sector,prescribed knobs,150.0,0.5438808810148437,0.5473244939349122,0.05738598189390465,0.01182491726110855,40.69794144910759,1302.3341263714428,651.1670631857214,57.0
